ticker,shortName,sector,industry,recommendationMean,numberOfAnalystOpinions,overallRisk,beta,previousClose,trailingEps,forwardEps,trailingPE,forwardPE,pegRatio,bookValue,priceToBook,enterpriseToRevenue,enterpriseToEbitda,ebitdaMargins,profitMargins,earningsGrowth,revenueGrowth,dividendYield,payoutRatio,fiveYearAvgDividendYield,enterpriseValue,freeCashflow,debtToEquity,returnOnAssets,returnOnEquity,quickRatio,currentRatio
AACG,ATA Creativity Global,Consumer Defensive,Education & Training Services,2.0,1,,1.279503,1.21,-0.22,-0.99,,-1.2323233,-0.06,3.444,0.35423926,0.07,-0.459,-0.15168001,-0.21479,,0.065,,0.0,,14553503,,30.286,-0.07129,-0.341,0.175,0.205
ABB,,,,,,,,,,,,,,,,,,,,,,,,,,,,,,,
ABCM,Abcam plc,Healthcare,Biotechnology,2.0,5,,0.923542,21.54,-0.05,,,,,3.174,6.795841,14.013,58.866,0.23804002,-0.0235,,0.068,,0.0,,5068363264,31137500,30.802,0.032679997,-0.01229,0.889,1.266
ABEV,Ambev S.A.,Consumer Defensive,Beverages—Brewers,2.2,7,5,0.617467,2.84,0.19,0.19,14.81579,14.81579,2.44,5.403,0.5210069,0.456,1.693,0.26903,0.17262,-0.157,0.051,0.0508,0.8492,3.3,37677678592,10596658176,4.743,0.08271,0.16919,0.607,1.006
ACH,,,,,,,,,,,,,,,,,,,,,,,,,,,,,,,
ADAG,Adagene Inc.,Healthcare,Biotechnology,2.0,5,,0.201751,1.31,-1.8,-1.7,,-0.7764706,,1.933,0.6828764,-6.307,0.711,0.0,0.0,,-0.391,,0.0,,-58611272,-19613868,33.664,-0.30681,-0.66740996,2.621,2.711
ADAP,Adaptimmune Therapeutics plc,Healthcare,Biotechnology,2.5,7,,2.214755,0.7768,-0.67,-0.64,,-1.2203126,-1.94,0.562,1.3896798,-0.028,0.019,-1.4481399,-1.28627,,-0.074,,0.0,,-1950847,-59420500,20.799,-0.18715,-0.67785,3.227,3.439
ADXN,Addex Therapeutics Ltd,Healthcare,Biotechnology,,,,1.635881,0.5205,-2.36,,,,,0.492,1.0672764,-0.137,0.023,0.0,0.0,,2.39,,0.0,,-294224,-6022722,3.796,-0.77351,-1.9773599,2.827,3.203
AEG,AEGON N.V.,Financial Services,Insurance—Diversified,2.5,1,1,1.258894,5.36,-0.48,0.64,,7.9684377,-0.01,5.825,0.87550217,-0.519,-4.327,0.0,0.0,,,0.0435,,5.39,6690257920,-2214500096,67.837,-0.00239,-0.05074,0.172,1.083
AENZ,Aenza S.A.A.,Industrials,Engineering & Construction,3.0,,,0.475287,1.8701,-1.3,,,,,13.14,0.14155251,0.299,76.524,0.00391,-0.10802,,-0.012,,0.0,,1270066432,-100280752,135.936,-0.00364,-0.24204999,0.769,1.013
AHG,Akso Health Group,Healthcare,Medical Distribution,,,,0.927952,0.3042,-0.57,,,,,0.382,0.8120419,0.67,-0.62,-1.08094,-0.10317001,,,,0.0,,8831738,11537612,109.578,-0.21417,-1.23872,1.344,1.761
AHI,Advanced Health Intelligence Lt,Technology,Software—Application,2.0,1,,1.28009,3.84,-2.48,,,,,0.896,5.3683033,61.632,-2.265,0.0,0.0,,0.747,,0.0,,30421438,-6052770,33.355,-0.59922004,-0.98272,0.56,0.896
AIH,Aesthetic Medical International,Healthcare,Medical Care Facilities,2.0,1,,-0.051158,0.83,-0.36,0.41,,2.0819514,,1.415,0.6032509,0.374,132.462,0.00282,-0.1102,,-0.074,,0.0,,246313168,,782.335,-0.02099,,0.325,0.381
AIU,Meta Data Limited,Consumer Defensive,Education & Training Services,3.0,,,0.287495,1.0251,-3.15,7.5,,0.13667999,0.15,-1.491,,5.211,,0.0,0.0,,,,0.0,,78809624,,,0.58637,,0.531,0.531
AIXI,XIAO-I Corporation,Technology,Software—Application,,,,,4.5,-0.1,,,,,-0.089,,8.222,-129.594,-0.063439995,-0.12241,,0.494,,0.0,,396162080,-8146545,,-0.03637,,0.813,0.92
AKO.A,,,,,,,,,,,,,,,,,,,,,,,,,,,,,,,
AKO.B,,,,,,,,,,,,,,,,,,,,,,,,,,,,,,,
AKTX,Akari Therapeutics Plc,Healthcare,Biotechnology,2.0,,,1.344994,3.752,-0.3,-0.17,,-17.941175,,0.024,127.08333,,-0.263,0.0,0.0,,,,0.0,,6073291,-6044853,,-1.1326799,-4.83248,1.1,1.147
ALAR,Alarum Technologies Ltd.,Technology,Software—Infrastructure,2.3,2,,0.313473,2.39,-2.77,-0.01,,-238.9,,3.75,0.63706666,0.39,-0.98,-0.39766997,-0.44591,,0.412,,0.0,,7961350,,25.398,-0.22242,-0.54682,0.765,0.831
AMAM,Ambrx Biopharma Inc.,Healthcare,Biotechnology,1.9,6,,-2.761132,13.25,-1.77,-0.37,,-35.54054,-1.65,4.055,3.2429101,112.057,-12.059,0.0,0.0,,-0.135,,0.0,,631666112,-30184376,4.4,-0.14386,-0.30405,13.059,13.28
AMBO,Ambow Education Holding Ltd. Am,Consumer Defensive,Education & Training Services,,,,0.51195,0.21,-0.35,,,,,2.082,0.08976945,0.624,-1.075,-0.57986,-0.94837,,-0.81,,0.0,,63821392,-254882624,148.702,-0.06643,-0.63517,0.953,1.329
AMOV,,,,,,,,,,,,,,,,,,,,,,,,,,,,,,,
AMRN,Amarin Corporation plc,Healthcare,Drug Manufacturers—General,2.6,5,6,1.767925,1.06,-0.21,-0.17,,-6.3235297,-0.16,1.394,0.77116215,0.378,-13.058,-0.02894,-0.11062,,-0.151,,0.0,,130857752,-66548500,2.001,-0.0089,-0.06666,1.608,2.608
AMTD,AMTD IDEA Group,Financial Services,Asset Management,2.0,,,0.536937,1.4,0.98,,1.3882653,,,42.713,0.031852126,-1.416,,0.0,0.90318,-0.486,0.456,,0.0,,-1933369600,,2.053,0.16803,0.18474,13.907,13.95
AMX,"America Movil, S.A.B. de C.V.",Communication Services,Telecom Services,2.7,13,,0.250507,18.63,1.77,1.79,10.954802,10.832402,1.18,112.56,0.17226368,0.765,2.245,0.34087002,0.10463,,,0.0382,0.2978,2.41,641428553728,39630090240,154.755,0.06182,0.23014,0.585,0.659
AMYT,,,,,,,,,,,,,,,,,,,,,,,,,,,,,,,
ANPC,,,,,,,,,,,,,,,,,,,,,,,,,,,,,,,
ANTE,AirNet Technology Inc.,Communication Services,Advertising Agencies,,,,1.584689,1.19,-1.64,,,,,5.128,0.2320593,-3.943,1.684,-2.34205,0.0,,-0.869,,0.0,,-11309102,-40513000,104.958,-0.056539997,-5.57185,0.324,0.686
ARBK,Argo Blockchain plc,Financial Services,Capital Markets,2.7,6,,2.708785,1.18,-4.82,-0.69,,-1.690145,0.1,0.11,10.601819,2.357,-2.376,-0.99183,0.0,,-0.414,,0.0,,119054776,,1380.671,-0.2007,-1.88597,0.988,0.988
ARGX,argenx SE,Healthcare,Biotechnology,1.7,21,5,0.472747,501.97,-9.31,-1.92,,-258.47397,0.33,2.04308,242.90286,839.907,-1630.571,-0.5151,-0.47518003,,2.299,,0.0,,701543350272,-458398112,0.393,-0.10293999,-0.1362,7.4,8.469
ASAI,Sendas Distribuidora S A,Consumer Defensive,Grocery Stores,2.0,2,,0.351622,13.1,0.83,1.08,15.843373,12.175925,23.65,15.295,0.8597581,0.336,5.448,0.06163,0.01503,-0.512,0.203,0.0067000003,0.1331,,20436672512,1465388032,521.423,0.05065,0.2459,0.408,0.829
ASLN,ASLAN Pharmaceuticals Limited,Healthcare,Biotechnology,2.0,3,,,2.15,-3.76,-3.29,,-0.63562316,,0.339,6.168732,3.033,-0.825,0.0,0.0,,,,0.0,,36396452,-40171052,595.324,-0.40638,-2.37752,2.174,2.261
ASML,ASML Holding N.V. - New York Re,Technology,Semiconductor Equipment & Materials,2.2,8,1,1.140423,646.44,20.73,24.07,31.178003,26.851683,1.19,0.597438,1081.8195,546.372,1590.17,0.34359002,0.27402002,0.126,0.271,0.0117999995,0.3062,0.87,14127545188352,5139137536,42.781,0.14466,0.68437,0.761,1.316
ASND,Ascendis Pharma A/S,Healthcare,Biotechnology,2.0,3,,0.508486,89.9,-11.14,-0.02,,-4455.0,,2.974,29.95965,65.69,-8.957,0.0,0.0,,3.919,,0.0,,5119564288,-316446624,302.26,-0.30801,-1.35381,3.127,4.083
ASR,Grupo Aeroportuario del Sureste,Industrials,Airports & Air Services,3.3,6,,0.737982,274.82,19.5,17.36,13.8020525,15.503456,-153.3,1319.32,0.20399904,0.538,0.815,0.65942,0.38542998,-0.081,-0.026,,0.0,,14070103040,11068751872,28.198,0.14222,0.2307,2.386,2.421
ASX,"ASE Technology Holding Co., Ltd",Technology,Semiconductors,2.3,3,,1.132701,7.29,0.78,0.79,9.423078,9.303797,-3.89,129.79,0.056629945,0.246,1.339,0.18346001,0.0729,-0.512,-0.151,0.0749,0.8582,4.22,155496660992,21984086016,60.412,0.05574,0.16975,0.7,1.2
ATHE,Alterity Therapeutics Limited,Healthcare,Biotechnology,1.0,2,,0.806207,2.75,-2.36,,,,,7.2,0.38104168,-2.752,0.883,0.0,-2.77572,,0.011,,0.0,,-14173273,-7400959,0.319,-0.25678,-0.41297,6.196,6.347
ATHM,Autohome Inc.,Communication Services,Internet Content & Information,2.1,17,,0.218912,30.07,2.11,2.51,14.516588,12.203187,132.52,197.945,0.15473995,-2.58,-11.362,0.22708,0.28327,0.19,0.058,0.0194,0.252,,-18326730752,,0.384,0.02776,0.08076999,5.615,5.732
AU,AngloGold Ashanti Limited,Basic Materials,Gold,3.0,4,3,0.290792,17.03,0.45,1.38,36.766666,11.989131,,2.41475,6.8516407,6.618,25.182,0.2628,0.00861,,0.05,0.0273,4.6545,1.31,29991872512,-51125000,51.36,0.025829999,0.01149,1.212,2.175
AUTL,Autolus Therapeutics plc,Healthcare,Biotechnology,2.0,10,,1.51576,2.64,-1.39,-0.91,,-3.1593406,,1.32,2.1780303,26.978,-1.265,0.0,0.0,,,,0.0,,201955504,-112359624,22.211,-0.27201,-0.69878995,8.419,8.654
AVAL,Grupo Aval Acciones y Valores S,Financial Services,Banks—Regional,3.5,2,,0.751861,2.42,0.32,0.37,7.5625005,6.5405407,,5.16,0.46899226,,,0.0,0.086840004,-0.769,-0.01,0.0378,0.9406,7.62,2908575744,,,0.013099999,0.12258001,,
AVDL,Avadel Pharmaceuticals plc,Healthcare,Drug Manufacturers—Specialty & Generic,1.6,9,,1.423623,13.08,-2.39,-0.35,,-35.985714,-0.45,1.603,7.857143,688.903,-8.892,0.0,0.0,,,,0.0,,1030599104,-39080624,15.45,-0.41125,-2.0422099,3.171,3.325
AZN,Astrazeneca PLC,Healthcare,Drug Manufacturers—General,1.7,8,2,0.156699,69.71,1.51,4.32,46.006622,16.081018,1.41,2.002292,34.69524,29.826,75.345,0.39586,0.13854,4.087,0.06,0.0208,0.7342,2.71,1326819311616,10935874560,82.302,0.08324,0.16816999,0.673,0.866
BABA,Alibaba Group Holding Limited,Consumer Cyclical,Internet Retail,1.8,43,,,89.12,3.87,10.02,23.542637,9.092814,49.15,385.718,0.23620884,,,0.0,0.0,,,,0.0,,252666019840,,,,,,
BAK,Braskem SA,Basic Materials,Chemicals,2.7,3,4,,9.14,-2.11,0.38,,24.105263,-2.82,18.39,0.4980968,0.074,4.079,0.018170001,-0.04167,,-0.301,,0.0,,6047442944,442608000,274.014,-0.017970001,-0.5276,0.882,1.486
BBD,Banco Bradesco Sa,Financial Services,Banks—Regional,2.7,7,2,0.528436,3.05,0.34,0.5,8.867647,6.03,5.54,15.641,0.19276261,5.818,,0.0,0.20718001,-0.445,-0.27,0.0625,0.71930003,3.29,424089354240,,,0.00853,0.09476,,
BBDO,Banco Bradesco Sa,Financial Services,Banks—Regional,,,2,0.528436,2.7,0.34,,7.8529415,,,15.641,0.1707052,5.767,,0.0,0.20718001,-0.445,-0.27,0.0672,0.67260003,4.05,420364615680,,,0.00853,0.09476,,
BBVA,Banco Bilbao Vizcaya Argentaria,Financial Services,Banks—Diversified,3.0,1,1,1.570779,7.7,1.22,1.08,6.3155737,7.1342587,,7.966,0.96723574,1.482,,0.0,0.28946,0.397,0.15,0.0577,0.3667,5.32,37587697664,,,0.01069,0.15582,,
BCH,Banco De Chile,Financial Services,Banks—Regional,2.9,5,,0.143534,21.44,3.4,2.49,6.3617644,8.686747,2.39,10.0,2.1629999,,,0.0,0.48777,-0.23,-0.08,0.1001,0.6465,5.12,10829031424,,,0.023659999,0.27622998,,
BCS,Barclays PLC,Financial Services,Banks—Diversified,3.5,1,4,1.336487,7.39,1.67,1.11,4.458084,6.707207,,13.896,0.5357657,2.925,,0.0,0.28329,0.313,-0.091,0.0523,0.21209998,,68726202368,,,0.00427,0.09646,,
BCYC,Bicycle Therapeutics plc,Healthcare,Biotechnology,1.9,13,,0.719736,22.07,-4.06,-5.68,,-3.794014,,7.196,2.994719,26.999,-4.311,0.0,0.0,,1.603,,0.0,,607955392,-69783504,21.388,-0.20408002,-0.52679,5.513,5.652
BEDU,Bright Scholar Education Holdin,Consumer Defensive,Education & Training Services,4.0,,,,0.93,-3.27,0.58,,1.674138,,56.287,0.017250875,,,0.0,0.0,,,,0.0,,27645370,,,,,,
BEKE,KE Holdings Inc,Real Estate,Real Estate Services,1.8,20,,-0.998847,15.53,0.22,1.01,70.36363,15.326733,14.66,60.72,0.2549407,-0.397,-5.781,0.06874,0.02893,,0.616,,0.0,,-27182297088,13171738624,18.117,0.01847,0.02848,1.666,1.979
BEST,BEST Inc.,Industrials,Trucking,5.0,,,0.997921,2.47,-9.88,-0.06,,-41.333336,,22.921,0.10819773,0.379,-2.477,-0.15307,-0.17608,,-0.048,,0.0,,2902803456,-204320880,736.182,-0.09351,-1.12308,0.479,0.736
BGNE,"BeiGene, Ltd.",Healthcare,Biotechnology,1.8,22,7,0.691721,192.33,-18.4,-9.16,,-21.013647,0.11,36.304,5.302033,10.142,-12.048,-0.84186,-0.95674,,0.743,,0.0,,18365677568,-1412788992,17.844,-0.15238,-0.38071,2.748,3.132
BHP,BHP Group Limited,Basic Materials,Other Industrial Metals & Mining,1.4,4,2,0.834973,55.62,7.19,2.04,7.9158554,27.899511,,16.826,3.3825626,2.506,4.691,0.53418,0.4609,-0.316,-0.157,0.0953,0.90400004,7.02,151777837056,25400375296,36.37,0.18108,0.39403,1.253,1.691
BIDU,"Baidu, Inc.",Communication Services,Internet Content & Information,1.8,39,10,0.712504,130.58,5.36,10.72,24.317163,12.158582,51.77,657.885,0.19811973,-0.163,-0.623,0.26112,0.11288,,0.096,,0.0,,-20562950144,16752000000,38.141,0.03051,0.06204,2.546,2.936
BILI,Bilibili Inc.,Communication Services,Electronic Gaming & Multimedia,2.0,35,,1.081745,15.24,-2.23,-0.25,,-63.14,-460.57,42.838,0.36848125,0.0,-0.001,-0.17522,-0.26661,,0.003,,0.0,,4654266,,72.833,-0.10406999,-0.31588,1.237,1.435
BLCT,,,,,,,,,,,,,,,,,,,,,,,,,,,,,,,
BLRX,BioLineRx Ltd.,Healthcare,Biotechnology,2.0,2,,1.272511,1.47,-0.41,-0.01,,-145.00002,0.11,0.63,2.3015873,,-1.947,0.0,0.0,,,,0.0,,61272588,-17415124,32.927,-0.27833,-0.62779,3.62,3.681
BLTE,"Belite Bio, Inc",Healthcare,Biotechnology,1.7,4,,,21.81,-0.76,-0.5,,-43.76,,2.161,10.124942,,-24.927,0.0,0.0,,,,0.0,,571656704,,,-0.25742,-0.43464002,,11.88
BMA,Banco Macro S.A.,Financial Services,Banks—Regional,3.5,4,,1.905551,22.9896,-28.17,4.69,,4.8539443,,9895.02,0.0023006522,-1.879,,0.0,0.07196,-0.206,0.279,0.071100004,,,-998098927616,,,0.021440001,0.08365,,
BNOX,Bionomics Limited - American De,Healthcare,Biotechnology,1.5,1,,2.125283,1.42,-1.95,-1.92,,-0.7579687,,5.76,0.25265622,-3.033,0.916,0.0,0.0,,-0.216,,0.0,,-18252336,-6967175,1.288,-0.20977,-0.46136,8.43,9.053
BNR,Burning Rock Biotech Limited,Healthcare,Diagnostics & Research,1.5,2,,0.078896,1.43,-1.19,-0.54,,-2.6514814,,10.212,0.1402076,-1.048,0.78,-1.3437101,-1.5697099,,0.052,,0.0,,-597418432,-213210128,3.965,-0.32126,-0.66300005,2.703,3.18
BNTX,BioNTech SE,Healthcare,Biotechnology,2.1,17,6,0.185328,107.96,28.37,3.76,3.8977792,29.409575,-0.27,83.023,1.33192,1.082,1.673,0.64674,0.47641,,-0.948,,0.0,,9934665728,8412125184,1.033,0.16922002,0.2382,10.199,10.563
BP,BP p.l.c.,Energy,Oil & Gas Integrated,2.1,14,2,0.657077,35.89,8.18,5.45,4.448655,6.6770644,-0.4,6.021,6.0438466,2.046,9.106,0.22469,0.081949994,-0.788,-0.284,0.044299997,0.2536,6.21,465663590400,27843749888,70.907,0.08392999,0.23392001,0.711,1.17
BPTS,Biophytis SA,Healthcare,Biotechnology,2.0,1,,1.140423,1.43,-13.22,,,,,-0.8,,,-0.328,0.0,0.0,,,,0.0,,7551000,-10876000,,-0.51159,-12.443991,0.823,0.96
BQ,Boqii Holding Limited,Consumer Cyclical,Specialty Retail,2.0,,,1.496165,1.4,-0.9,-0.13,,-10.307693,,11.661,0.11491296,0.108,-2.145,-0.050580002,-0.09413,,0.006,,0.0,,118475696,-28163250,93.82,-0.05978,-0.44782,1.307,2.071
BRFS,BRF S.A.,Consumer Defensive,Packaged Foods,3.0,4,3,,2.06,-0.48,0.12,,16.916666,0.03,10.453,0.19420262,,,0.0,0.0,,,,0.0,,2220920832,,,,,,
BSAC,Banco Santander - Chile,Financial Services,Banks—Regional,3.1,9,,,18.82,1.78,2.09,10.494382,8.937799,1.51,10.8,1.7296296,,,0.0,0.35634,-0.556,-0.376,0.0661,0.67010003,5.33,17732780032,,,0.00789,0.1381,,
BSBR,Banco Santander Brasil SA,Financial Services,Banks—Regional,3.2,6,5,0.60528,5.3,0.38,0.79,13.868422,6.670886,1.24,30.248,0.1742264,2.462,,0.0,0.28588,-0.616,-0.069,0.0621,1.1831,6.62,94509588480,,,0.010829999,0.09925,,
BSMX,,,,,,,,,,,,,,,,,,,,,,,,,,,,,,,
BTCM,BIT Mining Limited,Technology,Information Technology Services,3.0,,,2.854173,2.94,-17.78,-0.02,,-143.0,,4.425,0.6463276,0.069,-2.507,-0.02735,-0.37534,,-0.754,,0.0,,29234860,,7.882,-0.15989,-1.27097,0.322,1.104
BTI,British American Tobacco  Indus,Consumer Defensive,Tobacco,1.0,2,4,0.352763,31.66,3.75,3.97,8.469334,8.0,,6.3358,5.0127845,14.168,27.845,0.5088,0.31055,1.178,0.044,0.0864,0.4409,7.12,399910797312,6848625152,58.062,0.05696,0.121920004,0.526,0.932
BUD,Anheuser-Busch Inbev SA Sponsor,Consumer Defensive,Beverages—Brewers,2.4,6,8,1.150643,55.05,3.67,3.73,15.139619,14.896086,1.52,6.510996,8.533626,12.889,43.568,0.29584,0.10583,-0.792,0.022,0.0145000005,0.2708,2.14,761661030400,6994250240,91.292,0.04191,0.09069,0.413,0.636
BVN,Buenaventura Mining Company Inc,Basic Materials,Other Precious Metals & Mining,2.6,8,,0.538621,7.77,2.13,1.07,3.6854458,7.336448,0.67,11.986,0.6549308,3.317,20.953,0.15832,0.11489,,0.154,0.0188,0.0325,,2655661056,-66414500,22.561,-0.00448,0.03184,1.168,1.461
BVXV,BiondVax Pharmaceuticals Ltd.,Healthcare,Biotechnology,,2,,2.37028,1.3,-3.95,-2.55,,-0.5117647,,-1.465,,,-1.52,0.0,0.0,,,,0.0,,16814956,-9215740,,-0.27354,-56.015343,4.187,4.283
BWAY,Brainsway Ltd.,Healthcare,Medical Devices,2.0,4,,0.257278,3.06,-0.83,-0.07,,-43.64,,2.486,1.2288013,0.29,-0.561,-0.51709,-0.50672,,-0.022,,0.0,,7448800,-6647000,,-0.13552,-0.27363002,6.282,6.981
BZ,KANZHUN LIMITED - American Depo,Industrials,Staffing & Employment Services,1.5,17,,0.404211,15.16,0.05,0.7,310.8,22.2,36.78,27.177,0.571807,-1.423,136.461,-0.01042,0.0327,,0.123,,0.0,,-6616517632,944739648,2.341,-0.00885,0.0135,4.369,4.523
BZUN,Baozun Inc.,Consumer Cyclical,Internet Retail,1.8,13,,0.703498,4.03,-1.48,0.58,,7.0,106.25,68.037,0.05967341,0.173,9.099,0.01897,-0.07399,,-0.049,,0.0,,1433265280,,43.21,-0.00217,-0.09513,1.413,2.021
CAJ,,,,,,,,,,,,,,,,,,,,,,,,,,,,,,,
CALT,Calliditas Therapeutics AB,Healthcare,Biotechnology,1.7,6,,1.340272,18.49,-1.52,3.01,,5.3887043,,,,,,-0.38913,-0.41583002,,2.848,,0.0,,508542848,,126.721,-0.14761,-0.53780997,3.622,3.934
CAN,Canaan Inc.,Technology,Computer Hardware,2.0,3,7,3.233101,2.48,-0.49,1.68,,1.4345239,,3.255,0.74039936,0.724,-4.129,-0.17536,-0.16022,,-0.726,,0.0,,355485024,,0.557,-0.09781,-0.13395001,0.867,6.275
CANF,Can-Fite Biopharma Ltd Sponsore,Healthcare,Biotechnology,2.0,3,,0.79587,2.59,-2.67,-1.3,,-1.9653847,,2.1,1.2166667,-2.24,0.172,0.0,0.0,,-0.044,,0.0,,-1794570,,0.565,-0.41637,-1.00297,4.295,4.628
CANG,Cango Inc.,Consumer Cyclical,Auto & Truck Dealerships,3.0,1,,0.772774,1.21,-0.72,-0.5,,-2.56,,30.429,0.042065132,-0.969,3.35,-0.2893,-0.51647997,,-0.311,,0.0,,-1681881216,,21.197,-0.03802,-0.16381,1.632,2.14
CBD,Companhia Brasileira de Distrib,Consumer Cyclical,Department Stores,3.5,1,5,0.930602,3.87,-0.82,-2.11,,-1.8246446,-1.93,41.559,0.09263938,0.617,20.795,0.029660001,-0.1121,,0.135,,0.0,,11395820544,-10640124928,80.684,-0.00092,-0.07455,0.272,1.596
CCM,Concord Medical Services Holdin,Healthcare,Medical Care Facilities,,,,-0.207135,1.15,-1.56,-0.15,,-8.266666,,-42.931,,14.851,-17.447,-0.85125,-1.03723,,0.12,,0.0,,7011148800,-747450112,160.736,-0.053639997,-0.32314998,0.245,0.678
CCU,"Compania Cervecerias Unidas, S.",Consumer Defensive,Beverages—Brewers,2.2,4,,,15.39,0.73,1.41,20.90411,10.822696,-3.36,10.222,1.4928585,,,0.11895,0.04295,,0.028,0.020399999,0.41959998,5.3,2847671296,,3.1,0.03941,0.08976,1.606,2.527
CD,Chindata Group Holdings Limited,Technology,Information Technology Services,,,,0.705138,8.37,0.31,0.42,26.967741,19.904762,,30.983,0.26982537,1.898,4.065,0.46703,0.15963,1.615,0.568,,0.0,,9633233920,-4297629696,101.201,0.03944,0.07546,1.937,2.287
CEA,,,,,,,,,,,,,,,,,,,,,,,,,,,,,,,
CEPU,Central Puerto S.A.,Utilities,Utilities—Regulated Electric,2.4,4,,,6.69,0.23,0.41,28.95652,16.243902,,2650.99,0.002512269,0.972,1.563,0.62213004,0.07596,0.166,0.393,0.0242,0.22700001,,87525744640,-60667809792,21.686,0.054180004,0.021949999,1.117,2.309
CHT,"Chunghwa Telecom Co., Ltd.",Communication Services,Telecom Services,,,,-0.005077,36.82,1.52,1.61,24.00329,22.661491,,117.54,0.310405,0.475,1.268,0.37502,0.16913,0.027,0.02,0.041199997,0.9943,,104899321856,36689162240,11.517,0.055999998,0.10296,1.03,1.264
CIAN,,,,,,,,,,,,,,,,,,,,,,,,,,,,,,,
CIB,BanColombia S.A.,Financial Services,Banks—Regional,2.6,8,,1.123561,27.23,7.05,5.63,3.8978722,4.8809943,0.37,,,,,0.0,0.31209,-0.179,-0.001,0.0955,0.4351,4.13,26190548992,,,0.02017,0.18113,,
CIG,Comp En De Mn Cemig,Utilities,Utilities—Diversified,3.0,2,2,0.533852,2.37,0.38,0.06,6.25,39.583336,,10.729,0.22136267,0.383,1.68,0.2281,0.14581001,24.136,0.074,0.0622,0.7927,6.44,13742145536,329465376,51.862,0.08166,0.23793,1.126,1.337
CIG.C,,,,,,,,,,,,,,,,,,,,,,,,,,,,,,,
CIH,,,,,,,,,,,,,,,,,,,,,,,,,,,,,,,
CLGN,CollPlant Biotechnologies Ltd.,Healthcare,Biotechnology,2.0,3,,0.600277,6.5,-1.47,-0.21,,-30.476192,,2.625,2.4380953,71.886,-3.043,0.0,0.0,,5.561,,0.0,,47875804,-9123000,11.626,-0.24927999,-0.45918998,9.332,9.95
CLLS,Cellectis S.A.,Healthcare,Biotechnology,2.0,9,10,2.011355,1.86,-2.18,-1.51,,-1.2318543,,1.737,1.0708693,3.175,-1.115,-2.8472102,0.0,,-0.276,,0.0,,78604480,,61.737,-0.18270001,-0.62864,2.507,2.694
CMCM,Cheetah Mobile Inc.,Communication Services,Internet Content & Information,5.0,,,1.222376,2.12,-2.64,0.18,,12.0,,104.636,0.020642992,-1.681,8.611,-0.19520001,-0.58081,,0.477,,0.0,,-1485998464,-359154368,1.336,-0.02787,-0.16108,1.666,1.756
CMMB,Chemomab Therapeutics Ltd.,Healthcare,Biotechnology,3.0,1,,,1.09,-2.7,-0.08,,-13.0625,,3.278,0.31879193,,,0.0,0.0,,,,0.0,,12375789,,,,,,
CMPS,COMPASS Pathways Plc - American,Healthcare,Medical Care Facilities,1.6,9,,2.530674,9.05,-2.15,-2.52,,-3.4047618,,3.636,2.359736,,-2.779,0.0,0.0,,,,0.0,,298942688,-72823752,19.735,-0.30079,-0.52095,14.172,15.155
CNF,CNFinance Holdings Limited,Financial Services,Mortgage Finance,2.0,1,,0.258411,3.54,0.47,0.04,7.4680853,87.75,,57.212,0.061350763,8.318,,0.0,0.20624,0.0,-0.042,,0.0,,5711397888,,187.621,0.01013,0.03593,18.361,22.579
CNTA,Centessa Pharmaceuticals plc,Healthcare,Biotechnology,2.3,6,,,6.56,-2.37,-2.02,,-3.089109,,3.544,1.7607223,,,0.0,0.0,,,,0.0,,622945280,,,,,,
CNTB,Connect Biopharma Holdings Limi,Healthcare,Biotechnology,1.5,3,,-0.445067,0.89,-2.02,-2.06,,-0.43689275,,19.928,0.045162536,,1.294,0.0,0.0,,,,0.0,,-1009895296,-454258624,0.273,-0.31997,-0.56275004,9.758,9.97
COE,51Talk Online Education Group,Consumer Defensive,Education & Training Services,3.0,,,-0.515413,7.7,-2.19,-0.2,,-41.0005,,0.789,10.393029,1.154,-1.948,-0.59243,-1.2707,,-0.416,,0.0,,21607516,,14.382,-0.075500004,,1.03,1.172
CPAC,Cementos Pacasmayo S.A.A.,Basic Materials,Building Materials,2.7,4,,0.30501,5.37,0.54,0.12,10.259259,46.166668,0.41,14.99,0.36957973,0.997,4.268,0.23367001,0.08462,-0.095,-0.121,0.101,1.0927,,2004302720,-96315624,126.224,0.06409,0.13216,0.261,1.758
CRESY,Cresud S.A.C.I.F. y A.,Industrials,Conglomerates,,,,1.461408,7.72,1.94,2.19,4.0092783,3.551598,,2798.06,0.002779783,4.288,17.823,0.24062,0.19556999,,-0.097,0.0657,0.0482,,384811368448,-30874249216,59.763,0.02034,0.12929,0.823,1.172
CRH,CRH PLC,Basic Materials,Building Materials,1.0,2,6,0.908781,57.47,3.48,0.18,16.428534,317.61832,,29.136,1.962222,1.48,8.575,0.1726,0.11756,0.02,0.105,0.0221,0.3433,2.59,48431104000,2220124928,49.617,0.054629996,0.124110006,1.159,1.665
CRTO,Criteo S.A.,Communication Services,Advertising Agencies,2.4,11,3,0.908209,29.16,-0.4,3.12,,9.301283,-2.11,18.1,1.6033149,0.79,9.408,0.084,0.00379,,-0.053,,0.0,,1521516672,205767248,10.315,0.019709999,0.00792,0.995,1.115
CS,,,,,,,,,,,,,,,,,,,,,,,,,,,,,,,
CSAN,Cosan S.A.,Energy,Oil & Gas Refining & Marketing,2.0,2,4,,14.66,-0.11,0.49,,29.571428,-144.07,44.256,0.32741323,,,0.0,0.0,,,0.022,,,6841228800,,,,,,
CUK,Carnival Plc,Consumer Cyclical,Leisure,,,10,2.393141,14.66,-2.71,0.92,,15.73913,-13.08,4.64,3.1206896,2.691,36.623,0.07348,-0.19825001,,1.045,,0.0,,47060430848,-660499968,598.806,-0.01243,-0.4909,0.443,0.524
CX,"Cemex, S.A.B. de C.V. Sponsored",Basic Materials,Building Materials,2.3,22,,1.212931,8.07,0.39,0.82,20.20513,9.609756,0.84,8.38,0.94033414,1.169,7.209,0.16219,0.0543,0.033,0.134,,0.0,,19205863424,1043669376,61.496,0.04002,0.052699998,0.533,0.888
CYAD,,,,,,,,,,,,,,,,,,,,,,,,,,,,,,,
DADA,Dada Nexus Limited,Consumer Cyclical,Internet Retail,1.6,16,,,5.49,-1.01,0.39,,14.410256,-42.72,27.398,0.20512445,,,0.0,0.0,,,,0.0,,1337541632,,,,,,
DAO,"Youdao, Inc.",Consumer Defensive,Education & Training Services,1.4,8,,-0.199485,3.62,-0.94,-0.18,,-20.5,,-14.299,,0.274,-1.707,-0.1608,-0.16677,,-0.031,,0.0,,1365841152,,,-0.27041,,0.263,0.383
DAVA,Endava plc,Technology,Software—Infrastructure,1.9,8,,1.155178,46.94,2.19,2.79,21.118721,16.57706,10392.3,9.335,4.9544725,3.279,18.722,0.17514,0.12497,0.2,0.203,,0.0,,2575107584,99187752,11.911,0.113199994,0.21044001,3.141,3.141
DBVT,DBV Technologies S.A.,Healthcare,Biotechnology,2.7,3,9,1.144587,1.53,-0.58,-0.89,,-1.6966293,-0.08,0.8545,1.7671152,24.739,-1.444,0.0,0.0,,0.496,,0.0,,129927080,-52741752,1.297,-0.25441998,-0.49593,5.725,5.859
DDI,"DoubleDown Interactive Co., Ltd",Communication Services,Electronic Gaming & Multimedia,1.7,4,,,8.32,-4.39,1.85,,4.3964863,,13.577,0.5990646,0.693,1.224,0.56598,-0.55365,,-0.067,,0.0,,213212960,26645500,6.11,0.124589995,-0.22481,4.725,4.803
DDL,Dingdong (Cayman) Limited,Consumer Defensive,Grocery Stores,1.8,8,,0.116327,2.16,-0.25,0.24,,9.4991665,96.42,1.333,1.7102776,-0.0,0.005,-0.00345,-0.01609,,-0.082,,0.0,,-394583,27827876,1287.061,-0.02095,-0.99322,0.806,0.909
DEO,Diageo plc,Consumer Defensive,Beverages—Wineries & Distilleries,2.4,6,1,0.380393,169.31,8.02,5.65,20.973816,29.771683,,0.775002,217.04462,103.151,311.931,0.33068,0.2182,0.146,0.026,0.0234,0.4681,2.19,1765219500032,872374976,186.472,0.091800004,0.40050998,0.573,1.628
DIDI,,,,,,,,,,,,,,,,,,,,,,,,,,,,,,,
DOYU,DouYu International Holdings Li,Communication Services,Internet Content & Information,3.3,9,,,1.02,0.01,0.06,103.5,17.25,5.13,20.516,0.05044843,,,0.0,0.0,,,,0.0,,326172192,,,,,,
DQ,DAQO New Energy Corp.,Technology,Semiconductor Equipment & Materials,2.5,13,,0.514721,35.3,19.74,4.89,1.8168694,7.3343563,0.05,63.397,0.5657208,0.33,0.538,0.61419,0.30277002,-0.835,-0.488,,0.0,,1132655232,625798528,,0.18048,0.26569,5.567,5.984
DRD,DRDGOLD Limited,Basic Materials,Gold,2.0,1,9,1.169726,9.32,0.73,0.68,12.5342455,13.455882,,65.419,0.13986762,-0.293,-1.04,0.28232,0.22048001,0.08,0.062,0.0352,0.4559,,-1547835008,295946880,0.749,0.11067,0.21936001,4.673,5.35
DUO,Fangdd Network Group Ltd.,Real Estate,Real Estate Services,3.0,,,1.102653,1.55,-6.13,-0.57,,-2.526316,,227.916,0.0063181175,-0.286,0.285,-1.00285,-0.99223,,-0.374,,0.0,,-70237592,-293104128,78.134,-0.104270004,-1.20073,0.748,0.904
DXF,Dunxin Financial Holdings Limit,Financial Services,Credit Services,,,,1.435053,0.7006,-0.9,,,,,106.194,0.0068619694,-12.037,,0.0,0.0,,,,0.0,,227721760,,58.545,-0.050619997,-0.10007,1.782,1.798
E,ENI S.p.A.,Energy,Oil & Gas Integrated,2.3,3,2,1.18433,30.08,8.18,3.45,3.722616,8.826377,,33.018,0.9222545,0.565,3.414,0.16558,0.0787,-0.926,-0.377,0.0627,0.33220002,6.4,65872928768,12654624768,60.263,0.04721,0.17247,1.066,1.429
EBR,Centrais Electricas Brasileiras,Utilities,Utilities—Regulated Electric,1.0,1,1,0.378469,6.8,-0.05,0.9,,7.588889,,48.02,0.1422324,0.459,1.305,0.35207,0.040310003,,,0.0061000003,0.22659999,,16131606528,-31428366336,,0.025710002,0.00451,1.191,2.052
EBR.B,,,,,,,,,,,,,,,,,,,,,,,,,,,,,,,
EC,Ecopetrol S.A.,Energy,Oil & Gas Integrated,2.8,9,,0.818889,11.12,3.82,2.05,2.9397905,5.478049,-0.4,8.82,1.2732426,,,0.42851,0.15543,-0.61,-0.218,0.2943,0.39189997,6.53,45639532544,,116.74,,,,
EDAP,EDAP TMS S.A.,Healthcare,Medical Distribution,1.7,4,10,1.194665,8.23,-0.35,-0.17,,-48.941174,-6.48,1.813,4.589079,4.532,-28.097,-0.16131,-0.18951,,0.138,,0.0,,257923872,-5523125,12.4,-0.07552,-0.18322,2.88,3.396
EDN,Empresa Distribuidora Y Comerci,Utilities,Utilities—Regulated Electric,3.0,2,,1.370345,13.87,-1.83,6.05,,2.2512395,,3934.5,0.003461685,-0.091,1.152,-0.078660004,-0.05868,,0.163,,0.0,,-20687818752,13515249664,17.6,-0.04492,-0.10191,0.397,0.447
EDU,New Oriental Education & Techno,Consumer Defensive,Education & Training Services,1.6,17,,0.671631,50.87,-0.2,3.2,,16.390625,1.46,21.804,2.4055219,1.885,14.7,0.12825,0.059159998,,0.642,,0.0,,5651847680,628025728,12.021,0.01912,0.061869998,1.794,1.961
EH,EHang Holdings Limited,Industrials,Aerospace & Defense,3.0,1,,0.794554,19.52,-0.82,-0.45,,-44.2,,1.15,17.295652,21.057,-4.17,0.0,0.0,,2.834,,0.0,,1278757760,,201.278,-0.40398997,-1.6413499,0.702,1.18
ELP,Companhia Paranaense de Energia,Utilities,Utilities—Diversified,1.5,2,1,,8.62,0.08,0.61,106.93751,14.0245905,-0.9,7.607,1.1246221,,,0.0,0.0,,,0.052399997,2.7357998,5.6,23589093376,,,,,,
EM,Smart Share Global Limited,Consumer Cyclical,Personal Services,2.0,3,,0.296213,0.9101,-0.31,0.11,,8.273636,,10.144,0.08971806,-0.934,20.698,-0.04512,-0.20658001,,0.116,,0.0,,-2730442752,,4.009,-0.0809,-0.20985001,2.004,2.216
ENIA,,,,,,,,,,,,,,,,,,,,,,,,,,,,,,,
ENIC,Enel Chile S.A.,Utilities,Utilities—Regulated Electric,2.2,5,,0.735612,3.2,1.17,263.62,2.786325,0.012366285,,3.85,0.84675324,,,0.25562,0.28370002,,-0.076,0.10609999,0.0313,5.26,4385159680,,91.16,0.05525,0.35204,0.789,1.029
EQNR,Equinor ASA,Energy,Oil & Gas Integrated,1.7,3,1,0.549962,29.91,9.03,6.14,3.3981175,4.997557,,8.172,3.7548947,1.322,2.569,0.51435,0.18705,-0.716,-0.371,0.039300002,0.0864,3.79,170018439168,34943451136,61.522,0.24576999,0.52908003,1.654,1.83
ERIC,Ericsson,Technology,Communication Equipment,3.1,4,3,0.255866,4.84,0.36,0.56,13.652777,8.776786,-1.44,3.251,1.5118425,,,0.109230004,0.04309,,0.032,0.0482,0.71989995,2.11,33636902912,,32.138,0.04269,0.09631,0.782,1.102
ERJ,Embraer S.A.,Industrials,Aerospace & Defense,2.1,12,8,,14.64,-1.25,1.13,,12.747787,1.48,72.944,0.19748026,,,0.0,0.0,,,,0.0,,2677736704,,,,,,
ERYP,Erytech Pharma S.A.,,,3.0,1,,,0.77,,,,-0.27857143,,,,,,,,,,,,,,,,,,,
EVAX,Evaxion Biotech A/S,Healthcare,Biotechnology,1.5,3,,0.450323,1.01,-0.96,-1.96,,-0.49489796,,0.344,2.8197675,,-0.866,0.0,0.0,,,,0.0,,21531468,,123.51,,,,
EVO,Evotec SE,Healthcare,Drug Manufacturers—Specialty & Generic,2.0,5,5,0.981453,11.4,-0.57,0.35,,32.028572,-0.64,3.3595,3.336806,5.43,49.9,0.10880999,-0.23375,,0.287,,0.0,,4080294400,-150347744,42.679,0.00566,-0.13697,2.888,3.179
EXAI,Exscientia Plc,Healthcare,Biotechnology,2.0,5,,,5.91,-1.46,-1.28,,-4.6835938,0.08,3.358,1.7852888,15.251,-2.043,0.0,0.0,,-0.579,,0.0,,446089248,-169575008,4.497,-0.20325,-0.33785,6.774,6.877
FANH,Fanhua Inc.,Financial Services,Insurance Brokers,3.0,1,,0.115691,6.17,0.52,0.68,11.769231,9.0,1.48,35.331,0.17321898,-0.107,-1.373,0.07807,0.067930005,,0.206,,0.2616,,-313286048,-174900752,15.45,0.03727,0.093219995,1.76,1.983
FEDU,Four Seasons Education (Cayman),Consumer Defensive,Education & Training Services,3.0,,,-0.097332,10.2,-1.96,0.3,,33.166664,,216.021,0.046060335,-12.051,12.855,-0.9374,-0.86702,,-0.715,,0.0,,-412321344,-31057624,0.783,-0.03704,-0.06603,5.843,5.85
FENG,Phoenix New Media Limited,Communication Services,Internet Content & Information,2.0,,,0.713197,1.46,-0.98,0.68,,2.0882351,,103.85,0.013673567,-1.419,8.054,-0.17621,-0.115959994,,-0.165,,0.0,,-1073853440,,7.172,-0.047849998,-0.07992,2.447,2.515
FHS,,,,,,,,,,,,,,,,,,,,,,,,,,,,,,,
FINV,FinVolution Group,Financial Services,Credit Services,1.7,9,,0.701073,5.21,1.21,1.39,4.342975,3.7805758,17.95,44.484,0.11813236,-0.506,-0.946,0.53508997,0.20427,0.333,0.247,0.0402,0.1617,,-6013878784,4352726528,1.395,0.19448,0.20771,5.746,10.693
FLJ,FLJ Group Limited,Real Estate,Real Estate Services,3.0,,,-0.679722,0.19,1.75,,0.10862857,,,-3.217,,1.237,-1.23,-1.00583,2.09091,,-0.452,,0.0,,603533696,-1535484288,,-0.94375,,0.06,0.093
FMS,Fresenius Medical Care AG,Healthcare,Medical Care Facilities,4.0,2,8,0.961392,24.54,1.16,2.46,21.064655,9.932926,11.45,23.053,1.0599488,1.45,12.031,0.12054,0.030350002,-0.043,0.014,,0.0,,28457852928,1400707072,87.513,0.02596,0.05301,0.756,1.26
FMX,Fomento Economico Mexicano S.A.,Consumer Defensive,Beverages—Brewers,2.1,10,,0.459377,116.62,3.7,5.71,31.081081,20.140104,5.14,813.3,0.14139923,0.257,2.243,0.11467,0.093660004,0.183,0.183,0.016900001,0.55009997,1.8,189340385280,19524550656,64.262,0.056750003,0.13284001,1.254,1.796
FORTY,Formula Systems (1985) Ltd.,Technology,Information Technology Services,,,,0.454637,74.6,5.18,,14.401545,,,36.029,2.0705543,0.758,6.994,0.108380005,0.03164,-0.023,-0.036,0.0172,0.268,1.42,1949719552,259404256,65.607,0.052410003,0.16945,1.293,1.37
FRSX,Foresight Autonomous Holdings L,Consumer Cyclical,Auto Parts,2.0,1,,2.956668,2.84,-2.21,-0.25,,-11.2392,,2.19,1.2830136,20.714,-0.679,0.0,0.0,,0.571,,0.0,,11806905,-9416125,7.958,-0.27645,-0.67658997,11.263,11.313
FUTU,Futu Holdings Limited,Financial Services,Capital Markets,2.0,18,,0.842866,49.14,3.53,3.99,13.946176,12.338346,65.82,159.107,0.30941442,-6.359,,0.0,0.43853,1.208,0.479,,0.0,,-51433578496,,15.55,0.0335,0.16666001,1.234,1.236
FWP,,,,,,,,,,,,,,,,,,,,,,,,,,,,,,,
GDS,GDS Holdings Limited,Technology,Information Technology Services,2.0,19,,0.794942,10.89,-1.08,-1.23,,-9.01626,-118.96,123.6,0.08972492,4.373,10.844,0.40331,-0.14461,,0.074,,0.0,,41508323328,-10377985024,203.933,0.0047400002,-0.05603,1.207,1.293
GEHI,"Gravitas Education Holdings, In",Consumer Defensive,Education & Training Services,4.0,,,1.327329,13.33,-54.78,,,,,17.2,0.775,0.112,-0.617,-0.18187,-0.82719004,,-0.784,,0.0,,5610295,-58656376,71.272,-0.041149996,-1.52219,1.044,1.28
GENE,Genetic Technologies Ltd,Healthcare,Diagnostics & Research,,,,0.539742,0.7196,-0.36,,,,,0.6,1.2,0.618,-0.768,-0.80538005,-0.81088996,,0.441,,0.0,,6641804,-3807009,5.553,-0.29563,-0.57153,1.884,2.08
GET,,,,,,,,,,,,,,,,,,,,,,,,,,,,,,,
GFI,Gold Fields Limited,Basic Materials,Gold,2.7,5,2,0.645903,12.73,0.78,0.24,14.647437,47.604168,,2.36,4.841102,5.556,10.956,0.50708,0.16586,-0.504,-0.072,0.0313,0.4369,2.24,23815739392,443437504,33.956,0.119320005,0.17041999,1.244,2.295
GGAL,Grupo Financiero Galicia S.A.,Financial Services,Banks—Regional,3.4,5,,2.175693,15.95,1.23,4.15,12.691056,3.7614455,-0.04,5153.11,0.0030292387,0.111,,0.0,0.079619996,0.707,0.302,0.021,0.111,,81915199488,,,0.02095,0.10564999,,
GGB,Gerdau S.A.,Basic Materials,Steel,2.0,2,7,1.25457,5.12,1.35,0.65,3.8185186,7.93077,-7.62,28.001,0.18410058,0.221,1.067,0.20754999,0.12538,-0.49,-0.205,0.118599996,0.649,5.52,16882004992,4937876992,24.271,0.11005,0.19858,1.215,2.94
GHG,GreenTree Hospitality Group Ltd,Consumer Cyclical,Lodging,2.3,3,,0.723242,5.8,-0.55,0.6,,9.666667,28.2,14.135,0.41032898,1.973,-8.082,-0.24416,-0.408,,-0.22,,0.0,,1848613632,-270898720,138.453,-0.04335,-0.23504,1.185,1.378
GLPG,Galapagos NV,Healthcare,Biotechnology,2.8,6,7,0.020817,38.94,-3.1,-2.81,,-13.854093,-0.87,1.9606,19.856167,86.495,-359.496,-0.24059999,-0.2809,,0.09,,0.0,,48449572864,-135580496,0.597,-0.020750001,-0.060159996,8.299,8.487
GMAB,Genmab A/S,Healthcare,Biotechnology,2.6,10,4,0.655185,36.75,1.24,13.46,29.314514,2.7005942,0.14,44.0462,0.8252698,0.029,0.069,0.42344,0.29017,-0.281,0.328,,0.0,,478713280,3657999872,2.792,0.13809,0.17841,14.901,14.927
GNFT,GENFIT S.A.,Healthcare,Biotechnology,,,7,0.876987,3.525,-0.52,,,,,1.902,1.8874868,4.462,-4.524,-0.98621005,-0.90372,,-0.828,,0.0,,117109392,-52878376,79.632,-0.06947,-0.22206,3.974,4.025
GOL,Gol Linhas Aereas Inteligentes ,Industrials,Airlines,3.1,7,,1.202437,3.2,-0.11,1.03,,3.0631068,-0.02,-97.658,,1.232,9.187,0.13407,-0.00798,,0.279,,0.0,,21926963200,1236913152,,0.07016,,0.138,0.214
GOTU,Gaotu Techedu Inc.,Consumer Defensive,Education & Training Services,2.7,4,,-0.593597,2.95,0.04,0.18,76.375,16.972221,12.64,12.399,0.24639083,-1.023,-209.104,0.00489,0.02955,1.032,-0.024,,0.0,,-2538473728,,3.638,-0.0065200003,0.02368,2.572,3.061
GRCL,Gracell Biotechnologies Inc.,Healthcare,Biotechnology,1.6,7,,,3.58,-1.14,-1.2,,-2.9511666,,20.322,0.17426434,,,0.0,0.0,,,,0.0,,268829504,,,,,,
GRFS,"Grifols, S.A.",Healthcare,Drug Manufacturers—General,2.2,2,3,0.44436,10.15,0.35,0.49,29.257143,20.897959,,4.3185,2.3711936,3.957,27.836,0.14217,0.0013,-0.385,0.078,,0.0,,25639245824,-194460000,121.944,0.01805,0.01243,0.75,2.56
GRFX,Graphex Group Limited,Basic Materials,Other Industrial Metals & Mining,,,,0.591218,1.39,-0.4,,,,,11.04,0.11431159,0.887,-41.85,-0.02118,-0.20415,,-0.145,,0.0,,302533600,8992875,83.495,-0.03562,-0.24836999,0.603,0.816
GRVY,"GRAVITY Co., Ltd.",Communication Services,Electronic Gaming & Multimedia,,,,0.275372,63.96,11.15,,5.8295965,,,59405.23,0.0010941797,-0.607,-2.61,0.23256001,0.19162,1.577,1.475,,0.0,,-414128504832,,0.903,0.21176,0.37570998,3.726,3.766
GSK,GSK plc,Healthcare,Drug Manufacturers—General,2.8,4,10,0.308856,34.6887,3.25,3.94,10.727693,8.848985,2.06,6.262,5.5677104,2.928,8.699,0.3366,0.52601004,0.923,0.036,0.0395,0.46220002,5.18,85892390912,21123500032,176.61,0.06708,0.33219,0.615,0.875
GSK#,GSK plc,Healthcare,Drug Manufacturers—General,2.8,4,10,0.308856,34.6887,3.25,3.94,10.727693,8.848985,2.06,6.262,5.5677104,2.928,8.699,0.3366,0.52601004,0.923,0.036,0.0395,0.46220002,5.18,85892390912,21123500032,176.61,0.06708,0.33219,0.615,0.875
GTH,Genetron Holdings Limited,Healthcare,Diagnostics & Research,2.0,1,,0.558789,0.8802,-1.14,-0.16,,-5.588125,,5.965,0.14989103,-0.144,0.144,-1.00083,-1.24235,,0.371,,0.0,,-93838192,-317697248,28.917,-0.35196,-0.922,1.531,1.818
HCM,HUTCHMED (China) Limited,Healthcare,Drug Manufacturers—Specialty & Generic,2.0,10,6,0.905374,14.12,-2.08,-1.04,,-13.413462,,4.61,3.0260303,2.131,-17.7,-0.12042,-0.03885,,1.637,,0.0,,1613987840,-91008128,5.018,-0.04981,-0.03396,3.006,3.199
HDB,HDFC Bank Limited,Financial Services,Banks—Regional,1.5,4,,0.714285,63.57,3.41,2.65,18.589441,23.920753,1.5,326.0388,0.19442472,1.325,,0.0,0.40445,0.281,0.314,0.0107,0.2054,,1598527242240,,,0.020669999,0.17382999,,
HEPS,D-Market Electronic Services & ,Consumer Cyclical,Internet Retail,2.0,4,,2.588078,1.5,-0.2,-1.57,,-0.95522285,,,,,,-0.097959995,-0.11258,,0.831,,0.0,,493526880,,13.912,-0.12896,-0.8212,0.724,1.063
HHR,,,,,,,,,,,,,,,,,,,,,,,,,,,,,,,
HIMX,"Himax Technologies, Inc.",Technology,Semiconductors,2.2,4,,,6.3,0.76,0.56,8.256579,11.205358,-1.89,5.117,1.2263044,,,0.0,0.0,,,0.0733,1.5985,,1142428288,,,,,,
HKD,AMTD Digital Inc.,Technology,Software—Application,,,,,5.71,0.2,,28.111,,,23.265,0.24165915,-0.061,-0.125,0.48423,1.2711799,1.017,0.078,,0.0,,-12441200,,,,,50.462,50.77
HLG,,,,,,,,,,,,,,,,,,,,,,,,,,,,,,,
HLN,Haleon plc,Healthcare,Drug Manufacturers—Specialty & Generic,,,3,,8.33,0.31,,27.112902,,,3.562,2.3596294,4.315,18.193,0.23719999,0.10782,0.698,0.075,0.0053,0.175,,49229975552,10683875328,60.838,0.03949,0.059910003,0.538,0.843
HLN#,Haleon plc,Healthcare,Drug Manufacturers—Specialty & Generic,,,3,,8.33,0.31,,27.112902,,,3.562,2.3596294,4.315,18.193,0.23719999,0.10782,0.698,0.075,0.0053,0.175,,49229975552,10683875328,60.838,0.03949,0.059910003,0.538,0.843
HMC,"Honda Motor Company, Ltd.",Consumer Cyclical,Auto Manufacturers,1.7,3,2,0.731264,30.2,2.71,3.07,11.214022,9.899023,,7238.785,0.004198218,0.27,2.058,0.13118,0.04888,1.511,0.208,0.0274,0.235,3.7,4779982454784,1490632572928,71.119,0.02307,0.07876,1.057,1.44
HMY,Harmony Gold Mining Company Lim,Basic Materials,Gold,3.5,2,7,,3.84,-0.06,0.49,,7.1734695,,51.37,0.068425156,0.164,0.85,0.1924,-0.01365,0.32,0.06,0.0101,,,7188231680,-816249984,21.72,0.057340004,-0.01725,0.899,1.516
HNP,,,,,,,,,,,,,,,,,,,,,,,,,,,,,,,
HSBC,"HSBC Holdings, plc.",Financial Services,Banks—Diversified,2.0,2,2,0.580242,37.99,5.6,3.4,6.8178573,11.229411,,10.39125,3.6742454,4.101,,0.0,0.4085,0.289,0.52,0.0636,0.35,,250466435072,,,0.00856,0.13292,,
HTHT,H World Group Limited,Consumer Cyclical,Lodging,1.6,14,,1.028749,45.25,-0.12,1.7,,26.814705,8.99,37.014,1.2315611,3.161,19.647,0.16091,-0.01283,,0.671,,0.0,,49510658048,1466000000,368.487,0.010620001,-0.01849,0.759,0.936
HUIZ,Huize Holding Limited,Financial Services,Insurance Brokers,1.7,3,,0.528761,1.25,-0.06,0.15,,8.2,,7.0,0.17571428,0.054,-2.414,-0.022330001,-0.02059,0.72,-0.002,,0.0,,62371368,,64.648,-0.024600001,-0.07237,1.03,1.391
HUYA,HUYA Inc.,Communication Services,Entertainment,3.0,14,,0.780048,2.54,-0.26,0.07,,36.07143,69.37,45.171,0.055898696,-1.046,16.155,-0.064780004,-0.05037,,-0.209,,0.0,,-9109602304,,0.276,-0.03091,-0.04087,5.392,5.711
HYW,Hywin Holdings Ltd.,Financial Services,Asset Management,2.0,1,,0.233557,7.12,1.1,1.41,6.518182,5.0851064,,38.285,0.18727961,-0.05,-0.281,0.17648001,0.111619994,0.0,0.176,,0.0,,-104139856,,15.874,0.1126,0.24229999,1.343,1.398
IBA,,,,,,,,,,,,,,,,,,,,,,,,,,,,,,,
IBN,ICICI Bank Limited,Financial Services,Banks—Regional,1.5,4,1,0.676032,22.93,1.16,1.28,19.75,17.898438,1.02,646.114,0.035458136,0.519,,0.0,0.27403998,0.432,0.273,0.0084,0.0,,706493677568,,,0.020499999,0.18087,,
ICLK,iClick Interactive Asia Group L,Communication Services,Advertising Agencies,1.0,3,,0.088326,2.53,-24.39,-3.13,,-0.78913736,,7.682,0.32153085,-0.075,0.222,-0.33624,-1.18805,,-0.442,,0.0,,-12605438,114023504,60.303,-0.10398,-1.09365,1.166,1.486
IH,iHuman Inc.,Consumer Defensive,Education & Training Services,1.0,1,,0.397426,3.27,0.4,0.19,7.92525,16.684736,,15.374,0.20619878,-0.85,-5.07,0.1676,0.14915,3.077,0.093,,0.0,,-856575680,,0.518,0.08169,0.21014999,2.264,2.505
IHG,Intercontinental Hotels Group,Consumer Cyclical,Lodging,1.0,1,8,0.969719,76.34,2.06,2.47,36.71845,30.623482,,-1.760681,,23.59,88.844,0.26552,0.17934,1.259,0.277,0.0186,0.39209998,,81292320768,542249984,,0.12666,,1.034,1.04
IMAB,I-MAB,Healthcare,Biotechnology,1.8,12,,0.931316,2.37,-3.88,-1.47,,-1.5680273,,36.249,0.06358796,14.342,1.709,0.0,0.0,,,,0.0,,-3177758720,,2.493,-0.24212,-0.63738,5.228,5.497
IMCR,Immunocore Holdings plc,Healthcare,Biotechnology,1.7,14,,0.623524,59.69,-1.15,-1.99,,-30.125628,,5.665,10.582524,14.725,-58.465,-0.25186002,-0.274,,0.493,,0.0,,2673565184,15000625,24.232,-0.08377,-0.22514999,4.145,4.281
IMMP,Immutep Limited,Healthcare,Biotechnology,1.3,3,,1.987509,1.96,-0.3,-0.27,,-6.888889,,0.87,2.137931,24.629,-2.921,0.0,0.0,,-0.115,,0.0,,109315136,-18779684,1.242,-0.23211999,-0.39407003,8.754,8.974
IMOS,ChipMOS TECHNOLOGIES INC.,Technology,Semiconductors,,,,0.723087,22.28,2.96,1.01,7.5202703,22.039604,,655.26,0.033971246,0.213,0.724,0.29371,0.08631,-0.522,-0.205,0.066700004,0.92160004,,4250036480,1342743168,66.651,0.018919999,0.07249,2.251,2.627
IMRN,Immuron Limited,Healthcare,Biotechnology,2.0,,,1.267978,2.0,-0.36,,,,,3.72,0.53763443,-6.764,2.461,-2.7480898,-2.7026098,,1.527,,0.0,,-7561166,-1213996,0.907,-0.07933,-0.13297,11.61,12.111
INFY,Infosys Limited,Technology,Information Technology Services,2.7,9,1,0.627623,17.13,0.69,0.8,24.652174,21.2625,1.52,1.0955,15.527157,7.491,32.176,0.2328,0.16405001,0.062,0.039,0.0241,0.2795,2.27,137713745920,2223500032,11.336,0.15621,0.32613,1.269,1.666
ING,"ING Group, N.V.",Financial Services,Banks—Diversified,2.0,4,3,,14.05,1.5,2.22,9.400001,6.3513513,0.52,15.611,0.90320927,2.74,,0.0,0.32931,,-0.631,0.0424,0.3432,,63121850368,,,0.00749,0.14073,,
IONR,ioneer Ltd,Basic Materials,Other Industrial Metals & Mining,,,6,1.695306,7.1,-0.19,,,,,3.8,1.7947631,,-25.197,0.0,0.0,,,,0.0,,296113856,-29835488,0.151,-0.03574,-0.04389,12.367,12.441
IPHA,Innate Pharma S.A.,Healthcare,Biotechnology,1.8,5,8,0.256245,2.97,-0.76,0.45,,6.6000004,,0.675,4.4,3.103,-14.887,-0.20841,-1.0074401,,0.061,,0.0,,178940672,-32741624,78.024,-0.04319,-0.71751,3.205,3.383
IQ,"iQIYI, Inc.",Communication Services,Entertainment,1.9,22,,0.613785,5.5,0.04,0.44,138.5,12.590909,-140.35,11.261,0.49196342,0.807,2.463,0.32768002,0.0104,2.037,0.147,,0.0,,24271083520,5510033408,223.29,0.02804,0.03807,0.292,0.732
IRCP,,,,,,,,,,,,,,,,,,,,,,,,,,,,,,,
IRS,IRSA Inversiones Y Representaci,Real Estate,Real Estate Services,2.0,2,,1.328706,6.95,1.64,-2.85,4.3109756,-2.480702,,3670.89,0.0019259636,1.836,3.447,0.53248,0.81704,,0.305,0.1086,0.0699,,89518997504,5255000064,27.057,0.0364,0.19509001,0.858,0.866
ITCB,,,,,,,,,,,,,,,,,,,,,,,,,,,,,,,
ITUB,Itau Unibanco Banco Holding SA,Financial Services,Banks—Regional,2.4,8,3,0.421462,5.4,0.65,0.82,8.243692,6.534634,0.57,18.25,0.29361096,4.183,,0.0,0.26661,0.179,0.135,0.052699998,0.3923,2.84,497480695808,,,0.0141900005,0.18295,,
IVA,Inventiva S.A. - American Depos,Healthcare,Biotechnology,,,7,1.020817,3.58,-1.4,,,,,1.08,3.287037,5.794,-1.936,-2.9932,-2.88477,,1.428,,0.0,,109003312,-20659624,97.612,-0.30021,-0.808,3.139,3.465
IX,Orix Corp,Financial Services,Credit Services,1.0,2,1,0.959121,87.39,8.15,10.97,10.844172,8.056518,,1947.985,0.045369957,1.917,6.021,0.31839,0.10207,0.037,0.029,0.0347,0.3691,4.13,5148509732864,-416699613184,157.239,0.020499999,0.07842,4.217,4.486
IXHL,Incannex Healthcare Limited,Healthcare,Drug Manufacturers—Specialty & Generic,,,10,1.659727,1.51,-17.82,,,,,1.475,1.0372881,74.736,,0.0,0.0,,,,0.0,,58472492,-6570526,0.247,-0.16617,-0.32081002,37.401,37.632
JD,"JD.com, Inc.",Consumer Cyclical,Internet Retail,1.9,38,9,0.49082,34.88,1.72,3.41,20.186104,10.181848,27.25,135.018,0.25715163,-0.008,-0.27,0.02803,0.01871,,0.014,0.0161,0.348,,-7946415104,9336875008,24.114,0.02574,0.07326,0.971,1.361
JFIN,Jiayin Group Inc.,Communication Services,Internet Content & Information,2.0,,,0.944502,5.51,3.41,1.9,1.8005865,3.2315788,,28.605,0.21464778,-0.004,-0.01,0.34960997,0.33862,0.955,1.195,0.0699,0.0,,-14005812,,1.483,0.31335,1.5479,1.291,2.255
JFU,9F Inc.,Technology,Information Technology Services,3.0,,,0.209536,3.29,-6.97,,,,,310.549,0.010594141,-4.918,21.366,-0.23017,-1.05888,,-0.365,,0.0,,-2762217216,618057984,0.224,-0.02007,-0.1506,5.28,6.245
JG,Aurora Mobile Limited,Technology,Software—Infrastructure,3.0,1,,0.802909,0.199,-0.11,0.01,,19.730001,,0.947,0.20834213,-0.012,0.061,-0.19993,-0.29852,,-0.233,,0.0,,-3749829,,19.793,-0.11368,-0.51056,0.483,0.625
JHX,James Hardie Industries plc,Basic Materials,Building Materials,1.0,1,3,0.993186,29.69,1.15,0.64,25.991304,46.703125,,3.907,7.650371,3.817,14.514,0.26299,0.13583,-0.025,-0.047,,0.2609,,14240099328,-146375008,61.591,0.1155,0.33251,0.729,1.568
JKS,JinkoSolar Holding Company Limi,Technology,Solar,2.5,9,,0.807066,33.99,3.65,7.64,9.10137,4.348168,0.11,348.752,0.09525394,0.577,10.925,0.05284,0.01505,23.933,0.58,,0.0,,52925014016,,168.434,0.01198,0.10707,0.494,1.062
JMIA,Jumia Technologies AG,Consumer Cyclical,Internet Retail,3.3,2,,,3.05,-1.96,-0.8,,-3.84375,,1.736,1.7713134,,,0.0,0.0,,,,0.0,,306879648,,,,,,
JP,,,,,,,,,,,,,,,,,,,,,,,,,,,,,,,
JT,Jianpu Technology Inc.,Financial Services,Credit Services,2.0,,,0.516106,1.15,-0.68,-0.1,,-11.5,,19.038,0.060405504,0.004,-0.045,-0.09787,-0.08651,,0.394,,0.0,,4689632,,61.855,-0.06921,-0.23211001,0.989,1.657
KB,KB Financial Group Inc,Financial Services,Banks—Regional,1.0,1,1,0.762356,38.06,8.36,10.72,4.625598,3.607276,0.3,31041.37,0.0012457569,3.286,,0.0,0.33611,0.153,0.087,0.048299998,0.2234,4.84,45243659452416,,,0.0062800003,0.08291,,
KC,Kingsoft Cloud Holdings Limited,Technology,Software—Application,2.8,12,,2.362028,5.27,-1.54,-0.52,,-10.384616,,34.578,0.15616867,-0.041,0.275,-0.14992,-0.34456003,,-0.142,,0.0,,-324376768,-227170752,23.169,-0.07934,-0.27462,1.07,1.331
KEP,Korea Electric Power Corporatio,Utilities,Utilities—Regulated Electric,4.0,1,2,0.72004,6.78,-14.14,4.64,,1.4515086,,31579.178,0.00021327345,0.0,,0.0,-0.25504,,,,0.0,,8705033216,,,,,,
KOF,Coca Cola Femsa S.A.B. de C.V.,Consumer Defensive,Beverages—Non-Alcoholic,2.2,9,,0.769657,84.0,0.95,6.14,88.76315,13.733713,1.36,557.973,0.15112737,0.28,1.656,0.16927,0.08590999,0.065,0.072,0.0387,3.2422,3.93,66371047424,10552550400,59.189,0.07077,0.16972,0.899,1.194
KRKR,36Kr Holdings Inc.,Communication Services,Internet Content & Information,1.0,2,,0.78806,0.94,-0.16,0.05,,18.057999,,7.248,0.12457229,-0.21,0.911,-0.23013,-0.15045,,0.119,,0.0,,-68819112,,18.07,-0.09666,-0.1508,1.733,1.841
KT,KT Corporation,Communication Services,Telecom Services,3.0,1,2,0.406567,12.19,1.77,1.97,6.8898306,6.1903553,,36606.695,0.00033313577,0.316,1.736,0.18224001,0.04718,,0.037,,0.0,,8236645220352,,54.385,0.024549998,0.074039996,0.639,1.156
KUKE,Kuke Music Holding Limited,Communication Services,Entertainment,,,,1.047843,0.53,-4.09,,,,,1.944,0.2777778,0.805,-0.612,-1.31528,0.0,,-0.853,,0.0,,92700072,-11661250,128.818,-0.17051001,-1.78944,0.138,0.294
KZIA,Kazia Therapeutics Limited,Healthcare,Biotechnology,2.0,1,,2.104466,0.9259,-1.21,,,,,0.71,1.3443663,,-0.472,0.0,0.0,,-0.997,,0.0,,10902916,-14297770,4.768,-0.43198,-1.3503,0.912,1.06
LBPS,,,,,,,,,,,,,,,,,,,,,,,,,,,,,,,
LEGN,Legend Biotech Corporation,Healthcare,Biotechnology,1.8,11,,,67.65,-3.3,-2.09,,-31.964117,,4.509,14.815925,,,0.0,0.0,,,,0.0,,11166798848,,,,,,
LEJU,Leju Holdings Limited,Real Estate,Real Estate Services,2.0,,,1.075164,2.01,-6.63,0.49,,4.122449,,3.891,0.51914674,-0.224,0.835,-0.26882,-0.26128,,-0.254,,0.0,,-77009000,,40.021,-0.20208,-0.87924004,0.896,0.995
LFC,,,,,,,,,,,,,,,,,,,,,,,,,,,,,,,
LGHL,Lion Group Holding Ltd.,Financial Services,Capital Markets,,,,1.146485,3.67,-35.16,,,,,24.632,0.14209159,2.333,,0.0,0.0,,-0.973,,0.0,,-11236917,,30.493,-0.28847,-0.81987,1.175,1.282
LI,Li Auto Inc.,Consumer Cyclical,Auto Manufacturers,1.7,24,,0.824334,40.3,-0.16,1.36,,30.330881,5.33,49.715,0.82972944,-0.289,-15.971,0.01812,0.02471,,2.281,,0.0,,-21535668224,17501149184,21.8,-0.0016500001,0.040560003,1.547,1.767
LIAN,LianBio,Healthcare,Biotechnology,1.7,4,,,1.83,-0.88,-1.18,,-1.5254238,-0.08,2.428,0.7413509,,,0.0,0.0,,,,0.0,,203607552,,,,,,
LITB,"LightInTheBox Holding Co., Ltd.",Consumer Cyclical,Internet Retail,,,,0.410114,1.18,-0.48,0.02,,60.000004,,0.001,1200.0,0.147,-9.738,-0.01511,-0.09869,,0.576,,0.0,,82063088,,8530.469,-0.04558,-1.8777001,0.503,0.693
LIZI,LIZHI INC.,Communication Services,Internet Content & Information,1.0,1,,1.638124,0.671,0.3,0.26,2.3166666,2.673077,,8.661,0.08024477,-0.263,-5.334,0.0494,0.051939998,1.902,0.221,,0.0,,-605918144,,18.108,0.08324,0.32529,2.084,2.191
LND,Brasilagro Brazilian Agric Real,Consumer Defensive,Farm Products,,,,0.409275,4.8,0.96,,4.885417,,,20.626,0.22738293,1.141,17.762,0.06424,0.056149997,,0.084,0.2117,1.0267,8.01,1156888832,194656752,44.634,0.01362,0.02526,0.922,2.254
LOMA,Loma Negra Compania Industrial ,Basic Materials,Building Materials,3.2,6,,1.234845,6.21,0.02,1.36,313.5,4.610294,36341.0,1255.009,0.00499598,0.349,1.625,0.2148,-0.01657,-0.337,0.422,0.132,,,49904590848,3959321344,49.963,0.0529,-0.01986,0.594,1.091
LOV,Spark Networks SE,Communication Services,Internet Content & Information,2.0,1,,,0.226,-1.64,0.48,,0.47895834,,-0.259,,,,0.0,0.0,,,,0.0,,6004463,,,,,,
LPL,"LG Display Co, Ltd AMERICAN DEP",Technology,Consumer Electronics,4.0,1,5,1.157413,4.92,-4.63,-0.57,,-8.780702,0.02,11038.0205,0.00045343276,0.654,77.727,0.00841,-0.20492001,,-0.155,,0.0,,15183377334272,-2791764131840,183.165,-0.059710003,-0.39101002,0.556,0.807
LU,Lufax Holding Ltd,Financial Services,Credit Services,2.4,18,,0.7271,1.31,0.25,0.46,5.42,2.9456522,0.47,40.964,0.033077825,-0.265,-0.584,0.45394,0.06632,-0.862,-0.418,0.16420001,0.8844,,-16370634752,68062318592,56.586,0.04946,0.04329,20.209,22.681
LX,LexinFintech Holdings Ltd.,Financial Services,Credit Services,1.7,7,,0.770003,2.22,0.87,1.28,2.5402298,1.7265626,,55.04,0.040152617,0.735,9.788,0.07509,0.096,3.381,0.742,,0.0,,8185334272,,112.203,0.02021,0.124689996,0.911,1.473
LXEH,"Lixiang Education Holding Co., ",Consumer Defensive,Education & Training Services,,,,0.695685,0.456992,-0.08,,,,,18.971,0.022935005,-3.217,12.22,-0.26327,-0.15839,,1.316,,0.0,,-158228320,-263758752,32.264,-0.0269,-0.04344,2.06,2.458
LYG,Lloyds Banking Group Plc,Financial Services,Banks—Regional,2.0,2,6,1.218395,2.1,0.41,0.0,5.1951222,,,2.312,0.9212803,0.672,,0.0,0.32186002,-0.141,0.067,0.059299998,0.29209998,,12278774784,,,0.0067299996,0.12630999,,
MBT,,,,,,,,,,,,,,,,,,,,,,,,,,,,,,,
MDGS,Medigus Ltd.,Healthcare,Medical Devices,,,,1.450987,4.14,-6.11,,,,,23.807,0.17104635,0.081,-1.382,-0.05862,-0.106850006,,6.366,0.2019,,,7439565,-577250,18.532,-0.06815,-0.19238001,1.262,1.389
MDXH,MDxHealth SA,Healthcare,Diagnostics & Research,1.4,4,7,0.861847,3.65,-2.75,-0.79,,-4.4782276,,1.39,2.5451798,1.966,-2.813,-0.69902,-1.0402,,1.407,,0.0,,89747664,,105.134,,-1.12321,3.058,3.271
MESO,Mesoblast Limited,Healthcare,Biotechnology,3.0,3,8,2.386449,1.3,9.68,-0.58,0.12448347,-2.0775864,-0.04,3.275,0.36793894,33.92,-3.814,0.0,0.0,,-0.036,,0.0,,257319360,-50345700,23.769,-0.0657,-0.16296,1.033,1.138
MF,Missfresh Limited,Consumer Defensive,Grocery Stores,2.0,1,,-0.999654,1.63,89.84,-43.86,0.01780944,-0.036479708,,-197.665,,-0.008,0.019,-0.43636,-0.54715997,,-0.965,,0.0,,-23052898,-725743232,,-0.44945,,0.044,0.098
MFG,"Mizuho Financial Group, Inc. Sp",Financial Services,Banks—Regional,1.0,1,1,0.578728,3.1,0.31,1.03,10.112903,3.0436895,0.31,748.7718,0.0041868566,-16.386,,0.0,0.22416,0.539,0.119,0.0376,0.3366,4.88,-46887784677376,,,0.0024899999,0.06953,,
MFGP,,,,,,,,,,,,,,,,,,,,,,,,,,,,,,,
MFH,Mercurity Fintech Holding Inc. ,Financial Services,Capital Markets,,,,,1.36,-0.0,,,,,0.001,1159.9999,71.645,-23.062,0.0,0.0,,-0.939,,0.0,,61861132,-1018337,10.859,-0.12142,-0.46043998,5.216,5.257
MITC,,,,,,,,,,,,,,,,,,,,,,,,,,,,,,,
MITO,,,,,,,,,,,,,,,,,,,,,,,,,,,,,,,
MIXT,MiX Telematics Limited,Technology,Software—Application,1.5,1,,0.6696,6.33,0.25,0.67,25.36,9.462687,6.73,4.8,1.3208333,0.911,4.27,0.21336001,0.03727,1.898,0.037,0.0364,0.7723,2.28,133286304,13191500,17.482,0.055999998,0.04903,1.137,1.316
MLCO,Melco Resorts & Entertainment L,Consumer Cyclical,Resorts & Casinos,1.8,13,,1.216141,10.86,-1.79,0.87,,12.54023,16.97,-2.529,,5.682,69.922,0.08126,-0.26769,,2.201,,0.0,,12746082304,,,-0.02172,,1.317,1.457
MNSO,MINISO Group Holding Limited,Consumer Cyclical,Specialty Retail,1.6,8,,0.425435,19.89,0.63,0.96,32.539684,21.354168,26.15,26.311,0.7791418,-0.011,-0.074,0.15546,0.13611001,3.625,0.262,,0.0,,-120985248,,8.202,0.09224,0.1915,2.129,2.502
MOGU,MOGU Inc.,Consumer Cyclical,Internet Retail,1.0,,,0.462923,2.0,-2.93,0.07,,28.571428,,77.584,0.025778512,-2.201,24.56,-0.08961,-0.76692003,,-0.302,,0.0,,-510775520,-26364124,0.507,-0.054980002,-0.24796,1.943,2.062
MOHO,,,,,,,,,,,,,,,,,,,,,,,,,,,,,,,
MOLN,Molecular Partners AG,Healthcare,Biotechnology,2.7,3,,0.626797,5.92,-1.68,-1.63,,-3.619632,,6.824,0.8645956,-1.52,0.602,-2.52444,-2.51935,,-0.982,,0.0,,-30200520,-38268500,2.048,-0.11464,-0.2057,15.224,15.443
MOMO,Hello Group Inc.,Communication Services,Internet Content & Information,2.2,15,,0.977138,9.82,1.09,1.52,9.073395,6.5065794,34.4,55.384,0.17857143,-0.499,-3.395,0.14696999,0.12806,0.38,-0.105,,0.0,,-6175218688,920222400,26.153,0.06258,0.15314999,1.996,2.243
MOR,MorphoSys AG,Healthcare,Biotechnology,2.8,4,1,,7.71,-0.62,-2.32,,-3.3318965,,1.15175,6.711526,3.528,-5.101,-0.6916,0.30096,,-0.107,,0.0,,1033259264,,289.693,,,,
MREO,Mereo BioPharma Group plc,Healthcare,Biotechnology,1.7,2,,0.923207,1.28,-0.36,-52.0,,-0.024326922,,0.496,2.5504034,,-2.616,0.0,0.0,,,,0.0,,113609192,-22523750,20.645,-0.2539,-0.45634,2.379,2.518
MRM,MEDIROM Healthcare Technologies,Consumer Cyclical,Personal Services,,,,0.033481,6.1,0.19,,32.405792,,,-12.161,,0.382,9.448,0.040409997,0.02142,,0.16,,0.0,,2655115520,-186009632,,0.0097,,0.53,0.649
MSC,Studio City International Holdi,Consumer Cyclical,Resorts & Casinos,2.0,1,,-0.754536,6.62,-1.62,-0.1,,-64.5,,3.641,1.7714913,20.296,-52.678,-0.38528,-1.52906,,,,0.0,,3412685056,,318.981,-0.03259,-0.31046,1.796,1.897
MT,Arcelor Mittal NY Registry Shar,Basic Materials,Steel,2.0,4,3,1.937547,25.65,7.18,4.61,3.6420612,5.672451,-0.41,33.1965,0.7877337,0.715,6.311,0.11326,0.057690002,-0.482,-0.16,0.0163,0.0429,,52159942656,5726374912,18.063,0.038340002,0.07571,0.503,1.633
MTL,,,,,,,,,,,,,,,,,,,,,,,,,,,,,,,
MTLS,Materialise NV,Technology,Software—Application,1.7,4,,0.752338,6.83,0.02,0.16,345.0,43.125,1.17,3.952,1.7459515,1.464,18.782,0.07794,0.00029999999,,0.116,,0.0,,368459456,-6050500,31.026,0.00287,0.0002,1.852,2.106
MTP,,,,,,,,,,,,,,,,,,,,,,,,,,,,,,,
MUFG,"Mitsubishi UFJ Financial Group,",Financial Services,Banks—Diversified,2.0,2,2,0.783497,7.39,0.64,0.65,11.692969,11.513078,1.5,1503.167,0.0049784887,-6.071,,0.0,0.24119,4.178,-0.158,0.0301,0.2483,4.25,-39300179689472,,,,,,
MYNA,Mynaric AG - American Depositor,Technology,Communication Equipment,1.5,1,,1.123012,5.17,-3.82,,,,,1.22575,4.2912507,30.262,-1.939,0.0,0.0,,,,0.0,,133819512,-36851500,84.129,-0.47955,-1.30927,0.314,0.703
MYTE,MYT Netherlands Parent B.V.,Consumer Cyclical,Luxury Goods,2.5,7,,1.047843,3.75,-0.1,0.33,,11.212121,0.9,5.189,0.71304685,0.506,7.369,0.06862,-0.01048,,0.173,,0.0,,374024992,-38026124,13.89,0.049439996,-0.01788,0.185,2.84
NA,Nano Labs Ltd,Technology,Semiconductors,,,,,1.06,0.08,,13.25,,,2.949,0.35944387,,,0.0,0.0,,,,0.0,,59093236,,,,,,
NAAS,Naas Technology Inc.,Consumer Cyclical,Specialty Retail,3.0,,,,6.56,-4.22,0.64,,10.078125,,1.482,4.3522267,12.984,-0.598,0.0,0.0,,1.497,,0.0,,1486634624,,189.704,,-31.81767,2.194,2.891
NBTX,Nanobiotix S.A.,Healthcare,Biotechnology,1.5,1,9,1.321347,8.58,-1.69,-2.52,,-3.4166665,,-0.776,,62.818,-6.645,0.0,0.0,,1.596,,0.0,,300020544,-24736250,,-0.35376,,1.233,1.38
NCNA,NuCana plc,Healthcare,Biotechnology,1.7,3,,1.176307,0.7399,-0.86,-0.48,,-1.6277084,,0.612,1.276634,,-0.098,0.0,0.0,,,,0.0,,3950194,-18147500,1.896,-0.42179,-0.69602996,2.31,2.733
NCTY,The9 Limited - American Deposit,Communication Services,Electronic Gaming & Multimedia,,,,1.64496,0.7751,-5.59,,,,,1.579,0.5030399,0.301,-0.067,0.0,0.0,,5.747,,0.0,,35792088,-5303062,311.14,-0.40703,-2.47661,0.113,0.705
NGG,"National Grid Transco, PLC Nati",Utilities,Utilities—Regulated Electric,2.0,1,3,0.275548,61.58,4.73,4.24,12.950317,14.446935,,6.690656,9.155306,14.464,56.172,0.25749,0.35999,2.451,0.061,0.0547,0.6824,5.28,313271386112,-1566875008,149.191,0.02685,0.101610005,0.685,1.004
NICE,NICE Ltd,Technology,Software—Application,1.5,10,,0.306702,211.49,4.39,9.54,43.46481,20.0011,2.12,1.95028,97.837494,153.856,645.536,0.23833999,0.12802,0.322,0.084,,0.0,,342440771584,399480128,26.025,0.04614,0.09555,1.807,2.114
NIO,NIO Inc.,Consumer Cyclical,Auto Manufacturers,,,,2.022155,11.4,-1.66,-0.52,,-22.84423,,11.896,0.9985709,0.383,-1.245,-0.30741,-0.35051998,,0.077,,0.0,,19144550400,,121.031,-0.13114001,-0.58013,0.98,1.277
NIU,Niu Technologies,Consumer Cyclical,Auto Manufacturers,1.9,7,,0.567956,3.16,-0.15,0.39,,8.346154,40.73,16.153,0.20151056,-0.188,-18.17,0.010369999,-0.02665,,-0.275,,0.0,,-567380352,,0.505,-0.03464,-0.06407,1.199,1.895
NMR,Nomura Holdings Inc,Financial Services,Capital Markets,,1,2,0.718395,3.64,0.21,,17.5,,,1071.377,0.0034301651,-9.973,,0.0,0.082770005,13.344,0.167,,0.0,,-13786828242944,,901.474,0.0023100001,0.03627,1.436,1.447
NNDM,Nano Dimension Ltd.,Technology,Computer Hardware,2.0,,,1.833391,2.85,-0.67,-0.26,,-10.888462,,4.698,0.6025969,-5.335,2.051,-2.60113,0.0,,0.435,,0.0,,-256956784,-73017872,1.072,-0.06221,-0.13946,29.417,30.007
NOAH,Noah Holdings Limited,Financial Services,Asset Management,1.7,10,,1.006927,12.51,1.85,2.66,6.8324327,4.7518797,0.08,139.94,0.090324424,-1.294,-3.329,0.38869998,0.29456,-0.223,0.01,0.0291,0.0,,-4021724928,,0.969,0.056739997,0.10027,2.824,3.168
NOK,Nokia Corporation Sponsored,Technology,Communication Equipment,2.3,7,1,0.658591,3.76,0.81,0.46,4.6975307,8.271739,1.36,3.818,0.9965951,0.788,5.755,0.13697,0.16429001,-0.37,-0.028,0.0277,0.122,,19913869312,-474500000,24.455,0.03925,0.20575,1.271,1.604
NTCO,Natura &Co Holding S.A.,Consumer Defensive,Household & Personal Products,2.0,2,6,,6.54,-0.78,0.3,,21.65,3.81,32.524,0.19969869,,,0.0,0.0,,,,,,4923253760,,,,,,
NTES,"NetEase, Inc.",Communication Services,Electronic Gaming & Multimedia,1.7,30,10,0.558018,101.53,4.68,6.03,21.80342,16.922056,72.3,168.642,0.60506874,-0.165,-0.661,0.2502,0.23165001,0.556,0.063,0.0143,0.2861,1.25,-16198486016,19299782656,27.622,0.07904,0.20156999,2.175,2.33
NTZ,"Natuzzi, S.p.A.",Consumer Cyclical,"Furnishings, Fixtures & Appliances",,,,1.626255,6.8,-0.46,,,,,7.572,0.8980455,0.086,1.797,0.047670003,-0.01087,,-0.273,,0.0,,37350072,9884000,,0.01935,-0.0369,0.261,1.047
NVO,Novo Nordisk A/S,Healthcare,Biotechnology,2.0,4,2,,184.65,4.06,5.81,45.81404,32.01463,86.39,4.637375,40.109978,,,0.0,0.0,,,0.0097,0.4149,1.85,3278109409280,,,,,,
NVS,Novartis AG,Healthcare,Drug Manufacturers—General,1.7,4,1,0.465556,102.11,3.6,7.56,28.380556,13.51455,1.7,2.5068,40.75714,40.579,107.522,0.3774,0.1441,0.442,0.065,0.0339,0.97190005,3.55,2153661464576,11910500352,54.572,0.07855,0.13315,0.646,1.05
NVX,NOVONIX Limited - American Depo,Industrials,Electrical Equipment & Parts,,1,10,1.582134,2.6,-0.41,-0.14,,-18.143572,,1.856,1.3685884,38.836,-4.0,0.0,0.0,,0.555,,0.0,,209890464,,16.847,,,12.036,13.721
NWG,NatWest Group plc,Financial Services,Banks—Regional,2.0,2,3,1.25246,5.79,1.07,,5.4672894,,,7.786,0.75134856,-6.781,,0.0,0.28174,-0.025,0.137,0.056999996,0.3132,,-96198541312,,,0.00604,0.12420999,,
NWG#,NatWest Group plc,Financial Services,Banks—Regional,2.0,2,3,1.25246,5.79,1.07,,5.4672894,,,7.786,0.75134856,-6.781,,0.0,0.28174,-0.025,0.137,0.056999996,0.3132,,-96198541312,,,0.00604,0.12420999,,
OCFT,OneConnect Financial Technology,Technology,Software—Application,3.0,5,,,3.3,-2.48,-0.96,,-3.5,-1.52,84.42,0.039800994,,,0.0,0.0,,,,0.0,,128697872,,,,,,
OG,,,,,,,,,,,,,,,,,,,,,,,,,,,,,,,
OIIM,,,,,,,,,,,,,,,,,,,,,,,,,,,,,,,
OKYO,OKYO Pharma Limited,Healthcare,Biotechnology,,,,-2.908555,1.64,-0.01,,,,,-0.014,,,-5.098,0.0,0.0,,,,0.0,,36375136,-2428077,,-1.5472301,-3.97125,0.589,0.834
OLK,Olink Holding AB (publ),Healthcare,Diagnostics & Research,2.0,5,,0.760463,16.62,-0.11,0.07,,233.99998,,3.784,4.3287525,13.126,-80.687,-0.16267,-0.12344,,0.07,,0.0,,1923589888,-25970624,1.749,-0.044949997,-0.04106,5.617,7.414
OMAB,Grupo Aeroportuario del Centro ,Industrials,Airports & Air Services,2.7,6,,0.921462,89.25,5.37,6.18,16.130354,14.016182,5.44,145.176,0.59665513,0.976,1.704,0.57273,0.33541,0.377,0.241,0.048600003,0.8739,,13321659392,1093170688,151.466,0.21141,0.68081003,1.236,1.444
OPRA,Opera Limited,Communication Services,Internet Content & Information,1.7,4,,1.000346,15.18,0.4,0.91,37.0,16.263737,0.22,9.277,1.5953432,3.711,20.433,0.18162,0.11529,,0.216,0.052699998,0.0,,1285915264,84130128,0.834,0.03582,0.043520004,2.602,5.159
OPT,Opthea Limited,Healthcare,Biotechnology,1.3,6,10,0.286903,3.2,-2.58,,,,,0.968,3.068285,540.346,-0.964,0.0,0.0,,0.285,,0.0,,131143536,-72191792,156.18,-0.64584,-1.6869,16.028,16.322
ORAN,Orange,Communication Services,Telecom Services,4.0,1,3,0.141937,11.07,0.82,1.2,13.493902,9.220833,,11.803,0.9374735,1.52,5.243,0.28994,0.04129,-0.286,0.012,0.0664,1.1538,6.42,66464661504,2561625088,134.948,0.03115,0.06375,0.712,0.853
ORTX,Orchard Therapeutics plc,Healthcare,Biotechnology,1.6,4,,0.923656,5.14,-9.86,-4.98,,-1.0081726,,4.799,1.0461972,0.713,-0.147,0.0,0.0,,0.674,,0.0,,15204881,-48886500,46.322,-0.26988,-0.66713995,2.955,3.152
OTLY,Oatly Group AB,Consumer Defensive,Beverages—Non-Alcoholic,2.4,9,,1.082916,1.32,-0.62,-0.25,,-5.38,-0.08,0.92,1.4619565,1.391,-3.587,-0.38777,-0.51370996,,0.101,,0.0,,1070732288,-303923136,115.141,-0.14173001,-0.50445,0.739,0.934
OZON,Ozon Holdings PLC,,,1.0,1,,,11.6,,,,-3.0287209,,,,,,,,,,,,,,,,,,,
PAC,Grupo Aeroportuario Del Pacific,Industrials,Airports & Air Services,2.8,6,,0.852064,183.04,10.98,12.31,16.142532,14.398456,1.38,2.094012,84.64373,43.514,77.76,0.5596,0.29809,0.066,0.265,0.023599999,0.5834,,1368840339456,389694880,239.244,0.1539,0.57985,1.107,1.108
PAM,Pampa Energia S.A.,Utilities,Utilities—Independent Power Producers,2.6,8,,1.060934,45.01,6.49,7.93,6.8397536,5.59773,0.92,47.825,0.9281756,1.755,4.653,0.37717998,0.32216,4.235,1.145,,0.0,,3246882048,,63.365,0.084809996,0.33087003,1.542,1.971
PBR,Petroleo Brasileiro S.A.- Petro,Energy,Oil & Gas Integrated,2.7,11,4,0.943127,13.84,5.42,3.18,2.559963,4.3632073,-0.18,56.834,0.24413204,0.533,1.066,0.50053,0.26889,-0.47,-0.334,0.2735,1.2499,14.97,310253879296,187539374080,75.044,0.15427,0.39988,0.583,0.902
PBR.A,,,,,,,,,,,,,,,,,,,,,,,,,,,,,,,
PDD,PDD Holdings Inc.,Consumer Cyclical,Internet Retail,1.7,38,,0.752684,79.02,3.87,5.32,20.844961,15.163533,49.89,95.792,0.8421371,-0.247,-0.95,0.26027,0.25651,2.022,0.582,,0.0,,-35699896320,43426947072,13.418,0.107559994,0.36463,1.465,1.944
PHAR,Pharming Group N.V.,Healthcare,Biotechnology,,,4,0.874337,12.29,-0.05,,,,,3.04,3.9802632,3.814,-36.751,-0.10379,-0.07958,-0.928,0.095,,0.0,,786902528,11832875,84.909,-0.040999997,-0.08208,3.472,4.289
PHG,Koninklijke Philips N.V. NY Reg,Healthcare,Medical Devices,3.7,3,3,0.862225,21.38,-2.62,1.7,,13.111765,0.55,13.179,1.6913272,1.423,66.187,0.0215,-0.110410005,,0.07,,0.0,,26143741952,46375000,67.566,-0.0056,-0.15093,0.599,1.2
PHI,PLDT Inc. Sponsored,Communication Services,Telecom Services,1.0,1,,0.205484,21.52,0.88,1.89,24.352274,11.338625,,524.559,0.040853363,1.458,3.314,0.43991002,0.05827,0.225,0.014,0.1093,2.381,6.32,303954526208,-59653623808,260.974,0.030299999,0.09667,0.194,0.348
PKX,POSCO Holdings Inc.,Basic Materials,Steel,3.0,1,1,1.222071,102.44,5.27,15.24,19.666983,6.800853,,43962.895,0.0023575563,0.174,2.05,0.0851,0.02607,-0.558,-0.092,0.0174,0.2315,3.87,14445300416512,-1096173813760,47.88,0.02039,0.04275,1.437,2.198
PPBT,Purple Biotech Ltd.,Healthcare,Biotechnology,2.0,3,,1.287745,1.13,-0.97,-0.7,,-1.6285714,,2.36,0.48305085,,0.004,0.0,0.0,,,,0.0,,-71372,-10137125,0.993,-0.21213,-0.36723998,4.116,4.346
PRTC,PureTech Health plc,Healthcare,Biotechnology,1.0,1,9,0.761544,25.16,-1.8,,,,,19.46,1.2929085,27.838,-2.265,0.0,0.0,,-0.257,,0.0,,434779008,-236954368,8.56,-0.14998001,-0.0655,3.844,3.986
PSO,"Pearson, Plc",Communication Services,Publishing,1.0,1,1,0.309992,10.39,0.42,0.61,24.75881,17.047049,,5.847,1.7784675,2.164,15.246,0.14191,0.074260004,0.431,0.051,0.0252,0.5352,2.67,8507460096,743249984,34.169,0.041020002,0.06797,1.224,2.16
PT,Pintec Technology Holdings Limi,Financial Services,Credit Services,,,,0.378637,1.18,-3.12,,,,,-46.33,,3.658,-3.59,-1.01877,-2.55046,,-0.574,,0.0,,272753600,122613248,,-0.079,,0.684,0.74
PTNR,,,,,,,,,,,,,,,,,,,,,,,,,,,,,,,
PTR,,,,,,,,,,,,,,,,,,,,,,,,,,,,,,,
PUK,Prudential Public Limited Compa,Financial Services,Insurance—Life,1.0,1,1,1.351249,25.04,0.73,3.73,34.424656,6.737265,,3.098,8.111685,-17.748,72.387,0.0,0.0,-0.559,-0.678,0.014199999,0.48220003,2.11,144773529600,9019499520,33.035,0.0056800004,0.05856,0.461,0.769
PUYI,Puyi Inc. - American Depository,Financial Services,Asset Management,,,,0.38215,5.67,-0.12,,,,,3.796,1.4936776,1.814,-4.741,-0.38249,-0.33964002,,-0.326,,0.0,,282338560,-139101376,11.55,-0.10073,-0.20742,2.129,4.135
QD,Qudian Inc.,Financial Services,Credit Services,3.0,,,0.834776,2.15,0.13,-0.04,16.615385,-54.000004,,54.566,0.03958509,-25.373,45.801,-0.55399,0.53994,,-0.882,,0.0,,-9169863680,,1.254,-0.00961,0.01575,15.467,17.798
QFIN,"Qifu Technology, Inc",Financial Services,Credit Services,1.4,13,,0.509887,15.93,3.24,4.69,5.058642,3.4946694,11.89,121.709,0.13466547,-0.162,-0.307,0.52682,0.23866,-0.234,-0.167,0.0444,0.1658,,-2562932480,2940226304,0.76,0.13459,0.20948,0.46,1.927
QH,Quhuo Limited - American Deposi,Technology,Software—Application,2.0,,,0.391254,1.54,-0.32,-0.01,,-154.0,,91.226,0.016881153,-0.022,-1.519,0.01444,-0.0034400001,,-0.095,,0.0,,-83807808,34006624,14.292,0.01508,-0.03346,1.409,1.474
QIWI,QIWI plc,Technology,Software—Infrastructure,3.0,1,,0.60859,5.67,4.94,1.63,1.1477733,3.4785275,1059.62,972.318,0.0058314255,-0.96,-2.856,0.33615002,0.25623,0.989,0.839,0.2116,0.3,,-57267417088,20111998976,6.76,0.12599,0.29849002,1.619,1.971
QK,,,,,,,,,,,,,,,,,,,,,,,,,,,,,,,
QNRX,"Quoin Pharmaceuticals, Ltd.",Healthcare,Biotechnology,2.3,2,,,5.37,110823.52,-9.78,4.8455415e-05,-0.5490798,,9.189,0.58439434,,0.671,0.0,0.0,,,,0.0,,-6268178,-3971604,43.527,-0.56163,-3.2997901,3.498,3.551
QTT,,,,,,,,,,,,,,,,,,,,,,,,,,,,,,,
RAAS,,,,,,,,,,,,,,,,,,,,,,,,,,,,,,,
RDHL,Redhill Biopharma Ltd.,Healthcare,Drug Manufacturers—Specialty & Generic,2.0,1,,1.965708,0.829,-11.39,0.03,,31.0,,0.86,1.0813954,-0.165,-0.27,0.61185,-0.01721,,-0.725,,0.0,,-8635346,15551000,349.002,-0.18059999,,0.505,0.96
RDY,Dr. Reddy's Laboratories Ltd,Healthcare,Drug Manufacturers—Specialty & Generic,1.5,4,6,0.315504,71.0,3.46,3.6,20.650288,19.847221,49.83,246.42587,0.2899452,0.088,0.311,0.2827,0.18083,0.18,0.292,0.0069,0.14109999,,22924105728,29266999296,5.105,0.12191,0.21190001,1.703,2.603
REDU,,,,,,,,,,,,,,,,,,,,,,,,,,,,,,,
RELX,RELX PLC PLC,Industrials,Specialty Business Services,2.0,2,2,0.495457,31.91,1.09,1.1,29.155964,28.89091,,0.433,73.39492,27.285,86.804,0.31432,0.19233999,0.165,0.134,0.0217,0.584,2.32,247825252352,1682625024,209.298,0.10505,0.50668,0.4,0.475
RENN,Renren Inc.,,,,,,,1.7,,,,-2.260274,,,,,,,,,,,,,,,,,,,
RERE,ATRenew Inc.,Consumer Cyclical,Internet Retail,2.0,3,,-0.909561,2.55,-1.32,0.16,,15.968751,3.32,15.57,0.16409764,-0.118,3.838,-0.03068,-0.2237,,0.302,,0.0,,-1240637952,,8.956,-0.07439,-0.47155,2.278,3.741
RIO,Rio Tinto Plc,Basic Materials,Other Industrial Metals & Mining,1.7,4,5,0.706661,58.36,7.62,4.21,7.8727036,14.249407,,31.848,1.8836348,1.905,5.33,0.35738,0.16386,-0.428,-0.104,0.0684,0.9336,7.64,99905560576,4483250176,26.384,0.08967,0.15527001,1.374,1.989
RLX,RLX Technology Inc.,Consumer Defensive,Tobacco,1.7,4,,0.815294,1.48,0.07,0.1,20.714287,14.5,15.14,11.854,0.12232158,-1.965,-46.146,0.04257,0.184,,-0.927,,0.0,,-7249305088,-702870720,0.458,0.0026,0.045700002,19.254,20.131
RNLX,Renalytix plc,Healthcare,Health Information Services,1.3,3,,1.994425,2.43,-1.36,-0.56,,-4.4732146,,0.386,6.4896374,25.364,-2.095,0.0,0.0,,-0.108,,0.0,,94252008,-26369500,64.226,-0.67208,-1.6693,2.3,2.433
RTO,Rentokil Initial plc,Industrials,Specialty Business Services,1.7,2,8,0.423164,37.86,0.74,,50.44595,,,7.865,4.746345,4.649,24.295,0.19136,0.060879998,0.099,0.699,0.012999999,0.6038,,22375436288,598374976,120.622,0.04513,0.108710006,1.034,1.127
RYAAY,Ryanair Holdings plc,Industrials,Airlines,1.2,4,10,1.448902,100.94,6.31,11.0,15.651347,8.978182,0.06,3.375625,29.256805,15.282,64.483,0.23698999,0.15133001,2.52,0.403,,0.0,,180675510272,1895637504,62.735,0.07108,0.28951,0.687,0.834
RYB,,,,,,,,,,,,,,,,,,,,,,,,,,,,,,,
SAN,"Banco Santander, S.A. Sponsored",Financial Services,Banks—Diversified,1.0,1,1,1.356169,3.82,0.61,0.78,6.2786884,4.9102564,0.3,5.78,0.6626297,0.83,,0.0,0.23188,0.293,0.118,0.0305,0.1984,,35642286080,,,0.0063,0.11059,,
SAP,SAP  SE,Technology,Software—Application,2.4,7,2,0.999621,137.42,1.59,6.7,84.85849,20.138062,0.97,35.86,3.762549,4.957,25.888,0.19147,0.16129999,9.464,0.048,0.0162,1.3874,1.6,158048518144,7731749888,26.278,0.04298,0.028369999,1.275,1.421
SBS,Companhia de saneamento Basico ,Utilities,Utilities—Regulated Water,2.0,1,3,0.541638,11.61,0.89,1.25,13.134831,9.351999,,42.059,0.2779429,1.026,3.281,0.31261,0.13520999,0.761,0.169,0.0242,0.20889999,2.37,24384387072,1627389056,65.067,0.05645,0.11684,0.934,0.971
SE,Sea Limited,Consumer Cyclical,Internet Retail,2.0,26,,1.670245,40.5,-1.76,1.83,,21.74317,0.21,10.812,3.68017,2.422,452.163,0.0053600003,-0.07811,,0.049,,0.0,,30499330048,-1306231296,72.966,-0.01375,-0.15867,1.021,1.868
SECO,Secoo Holding Limited,Consumer Cyclical,Internet Retail,,,,0.38656,0.5871,-26.54,0.86,,0.6495349,,127.517,0.0043805926,0.515,-1.055,-0.48773998,-0.48417,,-0.237,,0.0,,1425971328,,166.829,-0.19790001,-0.84136003,0.059,2.473
SFET,,,,,,,,,,,,,,,,,,,,,,,,,,,,,,,
SHEL,Shell PLC,Energy,Oil & Gas Integrated,1.8,13,1,0.669947,60.68,12.06,8.39,5.083333,7.306913,-0.84,56.556,1.0839698,0.686,3.567,0.19239001,0.080860004,-0.808,-0.255,0.0376,0.2616,5.24,246093201408,31272249344,43.919,0.07883,0.15135999,1.014,1.461
SHG,Shinhan Financial Group Co Ltd,Financial Services,Banks—Regional,3.0,1,1,0.611374,25.63,6.49,6.77,4.0038524,3.838257,,101859.695,0.0002551058,0.464,,0.0,0.07396,,-0.076,0.0467,0.1446,,28801039859712,,,0.0069,0.08878,,
SHI,,,,,,,,,,,,,,,,,,,,,,,,,,,,,,,
SID,Companhia Siderurgica Nacional ,Basic Materials,Steel,3.7,2,9,1.542992,2.42,-0.09,0.33,,7.3484845,6.5,13.937,0.17399727,0.781,4.959,0.1575,-0.013359999,-0.069,0.04,0.0929,,,34625048576,-2471978240,205.771,0.03122,-0.00471,0.973,1.526
SIFY,Sify Technologies Limited - Ame,Communication Services,Telecom Services,2.0,,,1.493245,2.18,0.04,0.07,51.75,29.571428,,93.777,0.022073641,0.574,3.531,0.16264999,0.01456,-0.642,0.105,,0.0,,19664181248,,133.74,,,,
SIM,"Grupo Simec, S.A.B. de C.V.",Basic Materials,Steel,,,,0.34257,35.5,2.51,1.07,14.143426,33.17757,,317.038,0.11197396,-0.343,-1.505,0.22802,0.08133,-0.727,-0.349,,0.0,,-15971162112,8437243904,0.011,0.091029994,0.07812,2.269,3.288
SIMO,Silicon Motion Technology Corpo,Technology,Semiconductors,2.3,9,,0.921025,54.44,3.86,3.8,14.1088085,14.331579,5.23,22.732,2.3957417,2.191,14.09,0.15552,0.122370005,-0.795,-0.444,,0.1901,2.61,1568955904,51292124,,0.060100004,0.12478,3.393,5.97
SKM,"SK Telecom Co., Ltd.",Communication Services,Telecom Services,,1,1,0.561272,19.54,1.93,4.56,10.189171,4.312522,,29154.445,0.0006745146,0.378,1.355,0.27925,0.06126,0.299,0.004,0.0708,0.7404,5.2,6588725198848,,61.973,0.03441,0.091239996,0.628,1.007
SLN,Silence Therapeutics Plc - Amer,Healthcare,Biotechnology,1.6,4,,,6.43,-1.51,,,,,0.614,10.977198,,,0.0,0.0,,,,0.0,,233706784,,,,,,
SMFG,Sumitomo Mitsui Financial Group,Financial Services,Banks—Diversified,1.0,1,2,0.779333,8.56,0.83,0.94,10.439759,9.218085,1.57,1996.7842,0.0043394775,-12.891,,0.0,0.2538,0.008,0.05,0.0394,0.4018,4.7,-46662932234240,,,0.00336,0.07203,,
SMMT,Summit Therapeutics Inc.,Healthcare,Biotechnology,1.0,,,-0.892622,1.78,-1.7,-1.08,,-1.6574073,,0.171,10.467835,5155.113,-18.496,0.0,0.0,,,,0.0,,1134124928,-31509876,89.682,-0.23292999,-6.99416,18.408,19.068
SNN,"Smith & Nephew SNATS, Inc.",Healthcare,Medical Devices,2.0,3,4,0.396669,27.29,0.51,1.89,54.2549,14.640212,,2.3976,11.540708,11.722,55.243,0.21219,0.040749997,-0.025,0.052,0.026700001,1.5,2.09,62700761088,-625000,58.093,0.04374,0.041020002,0.83,2.195
SNP,,,,,,,,,,,,,,,,,,,,,,,,,,,,,,,
SNY,Sanofi,Healthcare,Drug Manufacturers—General,1.6,4,2,0.408781,52.42,3.73,8.74,14.268097,6.0892453,0.94,29.017,1.8340973,3.209,10.514,0.30516002,0.18714,0.217,-0.014,0.0354,0.517,3.77,147736805376,8810625024,28.825,0.05558,0.12066,0.671,1.22
SOHU,Sohu.com Limited,Communication Services,Electronic Gaming & Multimedia,1.7,4,,1.393488,11.03,-1.11,-1.44,,-7.722222,0.04,30.524,0.3643035,-0.941,17.241,-0.0546,-0.1028,,-0.219,,0.0,,-620846400,,0.137,-0.020480001,-0.061240003,2.728,2.959
SOL,Emeren Group Ltd,Technology,Solar,1.7,4,10,2.030481,3.18,-0.04,0.53,,6.0367928,0.54,5.847,0.5472037,3.054,57.767,0.05287,-0.04502,,2.664,,0.0,,215768768,-70150640,18.315,-0.00405,-0.00759,3.568,4.825
SONY,Sony Group Corporation,Technology,Consumer Electronics,1.2,5,1,0.918622,82.24,5.32,6.1,15.593966,13.599984,2.57,5673.918,0.014621273,0.295,2.615,0.11266,0.0728,-0.162,0.329,0.0067000003,0.0529,0.53,3616290373632,782240382976,58.669,0.02111,0.12816,0.38,0.651
SOS,SOS Limited,Technology,Software—Infrastructure,5.0,,,1.947528,4.5,-35.33,,,,,64.327,0.06903788,-0.887,1.117,-0.79447997,-0.8824,,,,0.0,,-230684544,13155375,0.225,-0.23319,-0.44172,7.317,9.679
SQM,Sociedad Quimica y Minera S.A.,Basic Materials,Specialty Chemicals,2.4,15,,1.001731,64.69,13.51,9.89,4.823834,6.5894837,-0.45,19.008,3.4285564,1.707,3.268,0.52233005,0.35237,-0.058,0.121,0.1341,0.56340003,4.67,18696923136,926587264,55.209,0.34834,0.88913,1.61,2.48
SQNS,Sequans Communications S.A.,Technology,Semiconductors,2.3,3,,0.903013,2.78,-0.35,-0.17,,-16.235294,-21.91,0.185,14.918919,3.952,515.699,0.0076599997,-0.41108,,-0.356,,0.0,,211436784,-16541000,534.874,-0.053319998,-2.49699,0.418,0.549
SSL,Sasol Ltd.,Basic Materials,Specialty Chemicals,1.0,1,2,2.23832,12.9,3.36,3.96,3.9136906,3.3207068,,315.318,0.041703932,0.342,1.417,0.24115999,0.12535,-0.035,0.266,0.096999995,0.2557,,105080848384,14388249600,63.198,0.09328,0.21519,1.302,2.119
STG,Sunlands Technology Group,Consumer Defensive,Education & Training Services,4.0,,,1.254935,6.3501,6.5,-0.42,0.98615384,-15.261905,,-14.2,,-0.094,-0.318,0.29562,0.28261998,-0.043,-0.076,,0.0,,-214014832,,,0.16514,,0.634,0.744
STKH,Steakholder Foods Ltd.,Consumer Defensive,Packaged Foods,,,,36.475685,1.1,-3.01,,,,,0.54,2.0648148,,-0.912,0.0,0.0,,,,0.0,,17215320,-9408500,44.437,-0.4418,-1.3522501,1.542,1.645
STM,STMicroelectronics N.V.,Technology,Semiconductors,2.4,9,3,1.372445,46.37,4.5,4.45,10.211111,10.325843,2.15,16.018,2.8686478,2.44,6.487,0.37608,0.27451,0.152,0.127,0.005,0.051599998,0.82,42247319552,-415249984,19.639,0.16319999,0.38419,1.838,2.674
SUPV,Grupo Supervielle S.A.,Financial Services,Banks—Regional,4.0,3,,1.738659,2.78,-0.16,0.36,,7.763889,0.82,1269.605,0.0022014722,-0.75,,0.0,-0.02935,,0.026,,0.0,,-83899785216,,,-0.00545,-0.03765,,
SUZ,Suzano S.A.,Basic Materials,Paper & Paper Products,2.7,4,4,0.717332,10.0,2.91,1.6,3.4845362,6.3375,0.53,32.971,0.307543,1.51,2.792,0.54071,0.47367,28.906,-0.205,0.0466,0.1017,,73983238144,-3981184768,189.059,0.09268,0.69474,1.819,2.563
SY,So-Young International Inc. - A,Healthcare,Health Information Services,1.2,4,,0.751994,1.23,-0.01,0.23,,5.2786956,10.95,23.862,0.050880063,-0.916,162.965,-0.00562,-0.00841,,0.032,,0.0,,-1161571200,,2.36,-0.011519999,-0.00401,2.98,3.488
Symbol,,,,,,,,,,,,,,,,,,,,,,,,,,,,,,,
TAK,Takeda Pharmaceutical Company L,Healthcare,Drug Manufacturers—Specialty & Generic,2.2,4,1,0.671839,15.08,0.71,1.98,21.323944,7.646465,,2226.0315,0.0068013417,1.209,4.026,0.30035,0.07327,-0.155,0.089,0.0434,0.4972,4.59,4974135214080,185930629120,75.742,0.02735,0.04553,0.456,0.988
TAL,TAL Education Group,Consumer Defensive,Education & Training Services,2.3,15,,0.0,6.64,-0.22,0.13,,51.807693,-10.32,5.756,1.1700834,1.48,-13.577,-0.10901,-0.12773,,0.229,,0.0,,1585331072,400070496,4.546,-0.01573,-0.0358,3.178,3.593
TC,TuanChe Limited,Communication Services,Internet Content & Information,3.0,,,0.28432,0.62,-1.14,0.58,,1.0343103,,4.268,0.14055763,-0.249,0.525,-0.47472998,-0.86327004,,-0.435,,0.0,,-45616024,-54339000,17.214,-0.19377,-1.07416,1.436,1.733
TCOM,Trip.com Group Limited,Consumer Cyclical,Travel Services,1.7,28,,0.597159,39.35,1.2,2.06,32.520832,18.944176,11.12,178.185,0.21901396,1.258,8.97,0.14022,0.22950001,,1.238,,0.0,,31607277568,,45.499,0.00846,0.05069,0.768,0.971
TDCX,TDCX Inc.,Industrials,Specialty Business Services,2.3,5,,,6.51,0.57,0.68,10.921053,9.154411,1.51,4.005,1.5543071,0.815,3.454,0.23577999,0.16247,0.252,0.082,,0.0,,551133184,80008752,6.14,0.13175,0.20532,7.141,7.141
TEDU,"Tarena International, Inc.",Consumer Defensive,Education & Training Services,2.0,1,,-0.537235,2.31,0.03,2.12,77.0,1.0896226,164.18,-143.973,,0.008,0.195,0.041199997,0.00302,,-0.382,,0.0,,17908108,,,0.0024899999,,0.158,0.245
TEF,Telefonica SA,Communication Services,Telecom Services,1.0,1,4,0.667676,3.86,0.27,0.29,14.259258,13.275862,,4.419,0.8712378,1.64,7.609,0.21552,0.04204,0.77,0.009,0.0825,1.1549,8.24,68063735808,5702624768,150.497,0.02036,0.065560006,0.664,0.89
TEO,Telecom Argentina SA,Communication Services,Telecom Services,3.7,4,,0.855788,5.43,-1.97,-0.2,,-27.3,0.02,2754.125,0.0019824808,1.022,4.716,0.2167,-0.35114,-0.67,0.358,0.0398,,8.27,690914918400,96910376960,61.325,-0.01746,-0.24004999,0.381,0.407
TEVA,Teva Pharmaceutical Industries ,Healthcare,Drug Manufacturers—Specialty & Generic,2.8,9,5,1.199515,9.42,-1.42,2.46,,3.8252032,2.63,6.293,1.4953122,1.986,8.033,0.24719,-0.14876,,0.024,,0.0,,29817274368,3079375104,272.652,0.03483,-0.26584998,0.524,1.021
TGS,Transportadora de Gas del Sur S,Energy,Oil & Gas Integrated,3.7,4,,0.822951,12.46,0.52,-0.08,23.903847,-155.375,,2198.315,0.005654331,0.163,0.414,0.3934,0.13919,-0.662,-0.205,,0.0,,24834183168,-3065078528,34.395,0.06905,0.08863,4.128,4.577
TIGR,UP Fintech Holding Limited,Financial Services,Capital Markets,2.4,8,,1.366299,3.37,0.08,0.19,42.0625,17.710527,,2.968,1.1337601,-5.376,,0.0,0.054050002,,0.183,,0.0,,-1159202304,,36.199,0.00311,0.02574,1.086,1.09
TIMB,TIM S.A.,Communication Services,Telecom Services,2.2,6,,0.416046,14.99,0.76,1.33,19.763159,11.293233,0.81,52.555,0.28579584,0.949,2.273,0.41759998,0.08826999,1.167,0.092,0.0435,1.0126001,,21776209920,5582871040,70.64,0.04318,0.07994,0.598,0.7
TKC,Turkcell Iletisim Hizmetleri AS,Communication Services,Telecom Services,1.0,1,,0.895734,4.95,0.26,1.14,18.788464,4.285088,0.22,5.125,0.9531708,,,0.29549998,0.21613,2.486,0.615,,0.2028,4.97,4323105792,,172.768,0.096499994,0.45659,1.521,1.598
TLK,"PT Telekomunikasi Indonesia, Tb",Communication Services,Telecom Services,1.0,1,,0.175016,24.34,1.41,2.26,17.262411,10.769912,,6.4,3.803125,,,0.46625,0.13575,-0.12,0.017,0.0458,0.83599997,,48223485952,,52.974,0.10086001,0.19177,0.581,0.691
TLSA,Tiziana Life Sciences Ltd,Healthcare,Biotechnology,2.0,1,,,0.79,-0.14,-0.05,,-14.41,,0.195,3.694872,,-3.196,0.0,0.0,,,,0.0,,46620004,-7930625,1.865,-0.24212,-0.50605,3.599,3.644
TM,Toyota Motor Corporation,Consumer Cyclical,Auto Manufacturers,2.3,3,9,0.574564,162.24,12.67,11.45,12.921863,14.29869,,1399.1775,0.11701161,0.731,5.796,0.12619,0.07717,0.803,0.242,0.0298,0.2638,2.7,28680327790592,-852867153920,102.372,0.02686,0.10277,0.804,1.109
TME,Tencent Music Entertainment Gro,Communication Services,Internet Content & Information,2.1,22,,,6.4,0.36,0.53,18.791666,12.764152,52.63,30.607,0.22102787,,,0.0,0.0,,,,0.0,,10057515008,,,,,,
TOUR,Tuniu Corporation,Consumer Cyclical,Travel Services,1.0,1,,1.82958,1.48,-0.16,-0.02,,-74.0,15094.0,8.865,0.16694868,-3.594,14.406,-0.2495,-0.77910006,,0.523,,0.0,,-737990592,,5.928,-0.01966,-0.14942999,1.194,1.509
TRIB,Trinity Biotech plc,Healthcare,Diagnostics & Research,,,,1.410114,0.7361,-0.86,0.14,,5.25,-0.13,-0.173,,1.364,-8.213,-0.16612,-0.46717,,-0.21,,0.0,,100877904,-22759124,,-0.086330004,,1.175,3.608
TRMR,Tremor International Ltd. - Ame,Communication Services,Advertising Agencies,2.3,5,,1.334216,6.26,-0.08,0.9,,4.8777776,,7.14,0.61484593,1.243,6.95,0.17879999,-0.02004,,-0.113,,0.0,,405227968,75138496,25.117,0.01681,-0.0116799995,1.888,1.888
TRVG,trivago N.V.,Communication Services,Internet Content & Information,3.0,9,,1.570488,1.13,-0.34,0.15,,7.333333,0.24,1.677,0.6559332,0.257,1.929,0.13297,-0.07833,,-0.14,,0.0,,134447680,67127128,7.227,0.05652,-0.06789,6.343,6.6
TS,Tenaris S.A.,Energy,Oil & Gas Equipment & Services,1.8,11,10,1.628311,33.06,5.38,4.47,6.19145,7.4519024,-3.67,13.236,2.5166214,2.569,7.614,0.33745,0.24747999,0.764,0.455,0.030299999,0.16450001,2.96,38056587264,1393817088,5.139,0.15844,0.25726998,2.204,3.708
TSM,Taiwan Semiconductor Manufactur,Technology,Semiconductors,1.7,11,,1.187542,91.78,6.14,6.07,15.023617,15.19687,3.1,76.8625,1.2001301,1.512,2.228,0.67882,0.43333998,-0.233,-0.1,0.0195,0.3017,2.5,3369508798464,27357020160,28.384,0.14077,0.33783,2.073,2.417
TTE,TotalEnergies SE,Energy,Oil & Gas Integrated,2.0,9,3,0.926192,60.98,8.21,9.43,7.5274053,6.553552,-0.59,46.787,1.3208797,0.757,3.44,0.22014,0.08184,-0.241,-0.268,0.0469,0.3858,6.08,180737343488,24534999040,48.442,0.08134,0.16893,0.607,1.168
TTM,,,,,,,,,,,,,,,,,,,,,,,,,,,,,,,
TUYA,Tuya Inc.,Technology,Software—Infrastructure,2.2,5,,-0.019805,1.54,-0.21,0.0,,Infinity,117.69,1.73,0.8988439,-0.378,0.535,-0.70651,-0.5604,,-0.142,,0.0,,-75773600,21013624,0.898,-0.08224,-0.111669995,13.319,14.108
TV,Grupo Televisa S.A.,Communication Services,Telecom Services,2.2,9,,0.994922,4.69,-0.86,0.44,,10.659091,43.78,227.825,0.020585977,1.097,3.315,0.33106,-0.15546,-0.952,-0.001,0.0212,,,82763726848,-1063720512,71.867,0.0086,-0.08566,1.624,1.777
TX,Ternium S.A. Ternium S.A.,Basic Materials,Steel,2.5,10,9,1.506061,39.4,7.03,6.04,5.655761,6.5827813,5.8,63.098,0.6301309,0.516,3.409,0.15129,0.07872,-0.216,-0.128,0.0683,0.44259998,,7823186432,1886161792,7.812,0.06145,0.10669,2.291,3.986
UBS,UBS Group AG Registered,Financial Services,Banks—Diversified,1.5,2,3,1.074564,23.4,1.96,2.38,12.02551,9.90336,1.11,18.594,1.2676132,1.837,,0.0,0.19323,-0.475,-0.07,0.0249,0.2551,3.64,62015496192,,,0.00598,0.11271,,
UCL,uCloudlink Group Inc.,Communication Services,Telecom Services,2.0,1,,,2.74,-0.21,0.23,,11.155217,,0.252,10.181349,,,0.0,0.0,,,,0.0,,101322880,,,,,,
UGP,Ultrapar Participacoes S.A. (Ne,Energy,Oil & Gas Refining & Marketing,2.6,4,1,0.899796,3.73,0.31,0.27,11.951612,13.722221,0.68,11.103,0.3336936,0.097,4.181,0.023120001,0.01013,-0.531,-0.198,0.0359,0.0744,3.19,13084620800,808857856,112.848,0.035380002,0.12861,1.426,1.966
UL,Unilever PLC,Consumer Defensive,Household & Personal Products,2.7,2,8,0.171082,51.16,3.61,2.44,14.166094,20.95885,,7.657,6.6788034,2.558,13.982,0.18292,0.13609,0.239,0.027,0.0355,0.5219,3.45,155705393152,7649249792,140.085,0.07604,0.39900002,0.569,0.795
UMC,United Microelectronics Corpora,Technology,Semiconductors,2.6,4,,1.264387,6.73,1.1,0.69,6.1545453,9.811594,-1.18,130.585,0.051843625,-0.382,-0.789,0.48389998,0.31596002,-0.265,-0.219,0.08270001,0.4326,4.44,-96934821888,-3564969472,16.282,0.09932,0.26559,1.411,1.672
UXIN,Uxin Limited,Consumer Cyclical,Auto & Truck Dealerships,3.0,1,,-0.201267,1.61,-0.61,-0.15,,-10.599999,,-25.78,,,,0.0,0.0,,,,0.0,,,,,,,,
VACC,Vaccitech plc,Healthcare,Biotechnology,1.7,3,,0.135857,2.04,-0.4,-2.14,,-0.953271,,5.638,0.36183044,-6.138,1.31,0.0,0.0,,-0.98,,0.0,,-82392328,-15342125,5.601,-0.15201001,-0.23289,14.575,15.257
VALE,VALE S.A.,Basic Materials,Other Industrial Metals & Mining,2.4,23,1,0.813811,12.28,3.1,2.27,4.053226,5.535242,-0.28,9.034,1.3908566,1.683,4.123,0.40813,0.27602,-0.85,-0.152,0.0514,0.4484,,71646003200,5331646464,40.865,0.09702,0.29433,0.701,1.147
VALN,Valneva SE,Healthcare,Biotechnology,1.7,4,7,0.923164,12.81,-2.45,-0.21,,-62.857143,,2.938,4.492852,2.157,-8.148,-0.26475,-0.36293998,,0.534,,0.0,,804593024,-143397504,74.58,-0.102139995,-0.76653,1.069,1.479
VEON,VEON Ltd.,Communication Services,Telecom Services,3.0,,,1.518531,16.59,6.55,0.38,2.5328243,43.657894,,9.995,1.65983,1.227,3.051,0.40207002,0.08771,,-0.087,,0.0,,4502562304,552374976,687.037,0.04004,0.49033,0.406,1.035
VIAO,VIA optronics AG,Technology,Electronic Components,2.0,1,,1.003067,1.23,-0.42,-0.43,,-2.744186,,2.34,0.5042735,0.101,-11.833,-0.00849,-0.046680003,,0.186,,0.0,,21963812,,72.316,-0.028110001,-0.17198999,0.892,1.449
VIOT,"Viomi Technology Co., Ltd",Consumer Cyclical,"Furnishings, Fixtures & Appliances",3.0,,,0.935213,0.89,-0.55,0.84,,1.0619048,,20.725,0.043039806,-0.278,4.761,-0.05841,-0.08523,,-0.317,,0.0,,-899039616,-458235360,10.411,-0.05625,-0.18351999,1.306,1.88
VIPS,Vipshop Holdings Limited,Consumer Cyclical,Internet Retail,1.9,24,,0.528576,15.67,1.64,1.93,9.896341,8.409327,38.36,57.376,0.2828709,-0.061,-0.762,0.08031999,0.06697,0.963,0.091,,0.0,,-6457712640,,5.468,0.07742,0.21029,0.993,1.213
VIST,Vista Energy S.A.B. de C.V.,Energy,Oil & Gas E&P,1.8,6,,0.223087,25.27,3.39,5.05,7.463126,5.0099006,,10.728,2.3583148,2.464,3.839,0.64186996,0.28328,-0.511,-0.215,,0.0,,2896961024,-119829872,70.548,0.15247,0.39679,1.006,1.07
VIV,Telefonica Brasil S.A.,Communication Services,Telecom Services,2.3,6,2,0.027758,8.51,0.51,0.7,16.745098,12.2,0.71,41.399,0.20628518,0.539,1.796,0.30029,0.08991,0.483,0.076,0.026700001,0.8316,5.89,27134722048,2843778560,26.75,0.03836,0.06606,0.732,0.872
VJET,voxeljet AG,Technology,Computer Hardware,2.0,2,,1.440249,1.52,-1.89,-1.85,,-0.810973,,2.33,0.64390564,0.828,-5.065,-0.16338,-0.47232,,0.296,,0.0,,24170780,-812375,102.07,-0.06967,-0.53739,1.58,3.142
VLRS,Controladora Vuela Compania de ,Industrials,Airlines,1.9,11,,1.788422,10.1,-0.88,1.36,,7.3161764,1.8,1.47,6.7687073,1.189,17.939,0.06625,-0.01535,,0.132,,0.0,,3686853120,-37168248,1830.957,0.01284,-0.2492,0.578,0.657
VNET,"VNET Group, Inc.",Technology,Information Technology Services,2.5,11,,-0.175961,2.96,-0.77,-0.56,,-5.7441072,-6.93,45.429,0.070807196,1.908,7.583,0.25165,-0.10855,1.333,0.097,,0.0,,13788822528,-1008791360,219.614,0.00324,-0.1009,0.479,0.747
VOD,Vodafone Group Plc,Communication Services,Telecom Services,1.7,3,2,0.581756,9.08,4.72,0.76,1.9364408,12.026317,,11.745,0.77820355,2.216,8.605,0.25747,0.259,8.21,-0.014,0.1047,0.21079999,7.21,101266128896,4704750080,105.915,0.01802,0.20295,0.771,0.887
VRNA,Verona Pharma plc,Healthcare,Biotechnology,1.4,7,,0.180117,17.9,-0.89,-1.1,,-15.8440895,,3.436,5.072322,2606.849,-20.438,0.0,0.0,,,,0.0,,1193936768,-38352248,7.482,-0.16086,-0.26902,25.653,26.288
WAVE,Eco Wave Power Global AB (publ),Utilities,Utilities—Renewable,,,,0.412254,2.33,-0.41,,,,,1.656,1.4673914,,-1.435,0.0,0.0,,,,0.0,,4720467,,13.479,-0.15712,-0.23785,5.048,5.08
WB,Weibo Corporation,Communication Services,Internet Content & Information,2.1,23,,0.534811,13.19,1.09,2.43,12.169724,5.4588475,-0.76,14.516,0.91381925,1.724,5.649,0.30524,0.14363,,-0.146,,0.0,,3044495872,,69.739,0.0418,0.077,3.249,4.088
WDH,Waterdrop Inc.,Financial Services,Insurance—Diversified,1.7,4,,-1.062544,1.66,0.18,0.18,9.055555,9.055555,,12.015,0.13566375,-1.046,-7.288,0.14347,0.20023,-0.625,-0.066,,0.0,,-2885270528,,1.51,0.042329997,0.12661,4.319,5.029
WDS,Woodside Energy Group Limited,Energy,Oil & Gas E&P,,,3,0.874337,24.48,4.26,,5.81892,,,19.137,1.2953233,2.805,4.53,0.61919,0.38639,0.5,1.469,0.1027,0.50200003,5.64,47166394368,6693000192,18.24,0.121520005,0.25605,1.279,1.406
WF,Woori Financial Group Inc.,Financial Services,Banks—Regional,3.0,1,,0.644549,25.04,10.38,9.34,2.4306357,2.7012846,0.31,108156.15,0.00023327384,5.129,,0.0,0.3121,0.077,0.116,0.088,0.2191,,52852890271744,,,0.0072000003,0.11059,,
WIMI,WiMi Hologram Cloud Inc.,Communication Services,Advertising Agencies,2.0,,,0.876247,0.855,-0.57,0.17,,4.8829412,,12.127,0.06845056,-0.579,1.581,-0.36619,-0.52431,,-0.406,,0.0,,-395128736,-87710488,3.834,-0.11768,-0.30281,5.836,6.143
WIT,Wipro Limited,Technology,Information Technology Services,4.2,4,1,0.647935,5.0,0.26,0.29,19.153847,17.172415,2.13,122.08,0.040792923,-0.239,-1.324,0.18037,0.12699,0.096,0.06,0.0155,0.0466,0.54,-219211431936,240653991936,26.087,0.07541,0.17235,1.585,1.716
WKEY,WISeKey International Holding L,Technology,Semiconductors,2.0,1,,1.694928,3.42,-2.32,,,,,5.667,0.63525677,0.128,-0.274,-0.46737,-1.15373,,0.318,,0.0,,3045462,-16648625,40.092,-0.10604,-0.29989,1.255,1.762
WNS,WNS (Holdings) Limited Sponsore,Technology,Information Technology Services,1.5,8,,1.147558,61.95,2.68,4.87,23.074627,12.698153,1.05,16.06,3.8505604,2.528,15.036,0.1681,0.10704,-0.077,0.105,,0.0,,3173181952,177844880,53.196,0.08472,0.18343,1.257,1.403
WPP,WPP plc,Communication Services,Advertising Agencies,3.0,1,2,1.197956,47.36,3.99,,11.7694235,,,3.395,13.832106,3.992,43.289,0.092209995,0.03604,-0.546,0.069,0.0505,0.8069,4.63,59456770048,697249984,187.818,0.026180001,0.14963001,0.862,0.883
XIN,Xinyuan Real Estate Co Ltd,Real Estate,Real Estate—Development,2.0,,,0.891236,3.0753,-48.8,1.45,,2.0783448,,-12.939,,2.128,-49.998,-0.04257,-0.27721,,-0.354,,0.0,,2021949312,-579418112,2594.004,-0.00545,-1.04304,0.121,1.02
XNET,Xunlei Limited,Communication Services,Advertising Agencies,,,,,1.78,0.25,,6.72,,,4.767,0.3524229,,,0.0,0.0,,,,0.0,,114940360,,,,,,
XPEV,XPeng Inc.,Consumer Cyclical,Auto Manufacturers,2.6,26,8,3.2597,15.58,-1.66,-0.79,,-20.215189,16.93,40.015,0.39910036,0.141,-0.398,-0.35353002,-0.41714,,-0.459,,0.0,,3293782784,,42.24,-0.086840004,-0.26076,1.32,1.682
XTLB,XTL Biopharmaceuticals Ltd.,Healthcare,Biotechnology,,,,,0.9699,-0.44,,,,,0.7,1.385,,,0.0,0.0,,,,0.0,,5167345,,,,,,
XYF,X Financial,Financial Services,Credit Services,3.0,,,0.639812,3.95,2.49,0.37,1.5662651,10.540541,,105.054,0.037123766,-0.06,-0.208,0.28945,0.25993,1.366,0.131,,0.0,,-221017184,,10.123,0.07535,0.20857,1.456,5.619
YALA,Yalla Group Limited,Technology,Software—Application,2.5,2,,,5.18,0.45,0.68,11.188889,7.4044113,,2.783,1.8091986,,,0.0,0.0,,,,0.0,,809315840,,,,,,
YI,"111, Inc.",Healthcare,Pharmaceutical Retailers,1.0,1,,0.942262,2.96,-0.52,0.14,,21.285715,,-5.061,,0.059,-3.386,-0.01731,-0.02377,,0.239,,0.0,,834301824,94960376,54.606,-0.05811,-0.4123,0.53,1.207
YJ,Yunji Inc. - American Depositor,Consumer Cyclical,Internet Retail,4.0,,,0.499479,0.94,-0.75,0.1,,9.158999,,65.277,0.014030975,-0.518,6.89,-0.07513,-0.12583,,-0.478,,0.0,,-512551392,,0.056,-0.02574,-0.09087,1.423,2.397
YMM,Full Truck Alliance Co. Ltd.,Technology,Software—Application,1.6,10,,0.199861,6.28,0.13,0.4,48.576927,15.7875,0.81,31.726,0.1990481,-2.648,-54.084,0.04896,0.14186,,0.277,,0.0,,-18807955456,,0.209,0.00451,0.03105,10.117,12.145
YPF,YPF Sociedad Anonima,Energy,Oil & Gas Integrated,3.3,11,,1.711238,14.63,3.97,3.78,3.7002518,3.8862433,-0.16,7393.098,0.0019869884,0.52,2.304,0.22586,0.089090005,-0.205,0.794,,0.0,,1762300657664,-399423864832,73.71,0.029409999,0.15406999,0.647,0.991
YQ,17 Education & Technology Group,Consumer Defensive,Education & Training Services,4.0,,,-0.407018,0.91,-0.66,-2.93,,-0.30716723,,14.226,0.063264444,-1.797,2.032,-0.88414,-0.80042,,-0.96,,0.0,,-551458112,,3.377,-0.17599002,-0.33134,3.311,4.231
YRD,Yiren Digital Ltd.,Financial Services,Credit Services,4.0,,,0.784551,2.36,2.14,0.42,1.1261683,5.7380958,,72.522,0.033231296,-1.132,-2.324,0.48694,0.38674,1.194,0.4,,0.0,,-4205337344,,10.395,,0.25509,4.758,5.062
YSG,Yatsen Holding Limited,Consumer Defensive,Household & Personal Products,2.5,3,,-2.576606,1.01,-0.11,0.05,,20.699999,,8.413,0.12302388,-0.412,3.206,-0.12841,-0.13249,,-0.141,,0.0,,-1474065792,,2.22,-0.0631,-0.08842,5.116,6.452
YY,JOYY Inc.,Communication Services,Internet Content & Information,1.8,18,,0.620367,31.98,2.36,2.16,14.122883,15.430555,-13.0,74.906,0.4449577,-0.224,-2.604,0.08583,0.07363,,-0.064,0.0625,0.6483,,-530089056,,16.873,0.00426,0.02657,1.305,1.498
ZEAL,,,,,,,,,,,,,,,,,,,,,,,,,,,,,,,
ZEPP,Zepp Health Corporation,Technology,Consumer Electronics,1.0,1,,0.86595,1.23,-0.82,0.27,,4.5925922,11.97,41.522,0.029863687,0.052,-0.601,-0.08569,-0.08343001,,-0.148,,0.0,,207599584,,43.659,-0.04694,-0.12556,1.348,2.155
ZH,Zhihu Inc.,Communication Services,Internet Content & Information,2.0,10,,0.418161,1.1,-0.27,-0.07,,-16.214285,,8.976,0.1264483,-1.411,4.746,-0.29724002,-0.29778,,0.338,,0.0,,-5439845888,,1.704,-0.091520004,-0.19223,3.624,3.735
ZLAB,Zai Lab Limited,Healthcare,Biotechnology,1.7,12,,1.087287,24.14,-4.32,-2.98,,-7.855705,0.09,9.626,2.431955,6.136,-4.004,-1.5325301,-1.56075,,0.429,,0.0,,1545148032,-272515264,2.044,-0.19548,-0.36652002,7.069,7.63
ZME,,,,,,,,,,,,,,,,,,,,,,,,,,,,,,,
ZNH,,,,,,,,,,,,,,,,,,,,,,,,,,,,,,,
ZTO,ZTO Express (Cayman) Inc.,Industrials,Integrated Freight & Logistics,1.5,22,,0.023207,25.29,1.31,1.8,19.301527,14.047222,47.15,66.214,0.3818679,0.464,1.496,0.31017,0.20773001,0.844,0.137,,0.0,,16920855552,2769136128,26.083,0.073359996,0.14513,1.004,1.324
