ticker,recommendationMean,numberOfAnalystOpinions,beta,trailingEps,forwardEps,forwardPE,priceToBook,priceToFcf,enterpriseToRevenue,enterpriseToEbitda,ebitdaMargins,profitMargins,revenueGrowth,payoutRatio,debtToEquity,returnOnAssets,returnOnEquity,quickRatio,currentRatio
A2A.MI,2.0,6.0,1.112929118630007,0.17020540586783786,-0.02290277331743255,0.14073243941719385,0.457753586899315,0.34443978795584973,-0.7029573559453349,-0.840329342176419,-0.7048553720906011,-0.5712339918937103,-0.6875442889156235,-0.17754047961161212,-0.31076142499685544,-1.3472310018131246,-0.9201758406177044,0.6336991589012557,0.31104764892232883
AAK.ST,2.2,10.0,0.5896598540968616,0.34630024352828487,-0.6746893916686908,-0.6416907676708665,0.1577446781324652,0.15435974138490421,-0.9556557422413215,-0.16298638649832106,-1.4390252415831717,-1.0082501375643749,-1.315196244120295,-0.8079360627978232,0.7857905192370791,0.6293999455774275,0.22171684871421504,1.0205005993698024,1.2059666857310534
AALB.AS,2.0,8.0,1.692153393358061,1.0423290429350234,1.0055656297876345,0.7485464929480456,0.6257508519030465,-3.268869473092886,-0.3546410798118055,-0.7141838215142503,0.1930518493493681,0.06499369085429656,-0.13350346186275808,-0.5342929651711964,0.5080017347810292,-0.21405407687458516,-0.5144754125420781,-1.4727125099890341,0.04457626422309345
ABBN.SW,2.6,21.0,-0.6163339101035015,-0.5510662076504946,-0.7279356665918608,-0.9315058018602571,-1.1188469131175998,-1.4480938782673878,0.45019000346297133,0.6563362774830264,0.4132392605014493,0.6529836421586437,1.31737859884738,0.11535598659232542,0.8612717557406424,1.0954830452820994,1.28387981206536,-0.4611034858466392,-0.5282578272828885
ACKB.BR,2.0,6.0,-1.2753213929360372,1.324940852089389,-0.6659159241528965,-0.6652681291957356,0.7772163144212969,-1.5608757808860128,1.3543138210114054,1.2131085156609853,0.5702763658443674,1.6814470578717087,-1.1218079471269073,-1.3521398147053376,1.3079221387431337,-1.549356328173906,0.18100405285593701,-1.3412271051354991,-1.717049516002565
ADEN.SW,2.6,12.0,0.7071067811865431,-0.7071067811865477,0.7071067811865465,0.7071067811865476,0.7071067811865475,0.7071067811865476,0.7071067811865519,0.7071067811865465,-0.7071067811865464,-0.7071067811865474,0.7071067811865475,0.7071067811865475,-0.7071067811865477,-0.7071067811865477,-0.7071067811865476,-0.7071067811865481,-0.7071067811865462
ADYEN.AS,2.6,28.0,-0.7071067811865503,-0.7071067811865475,-0.7071067811865476,-0.7071067811865476,-0.7071067811865475,-0.7071067811865476,0.7071067811865477,0.7071067811865476,-0.7071067811865474,-0.7071067811865476,0.7071067811865475,0.0,0.7071067811865475,0.7071067811865476,0.7071067811865475,0.7071067811865475,0.7071067811865475
AENA.MC,2.6,25.0,-0.6660387685558113,0.8306164072925463,-0.7487286546335797,-0.8863954257985114,-0.6758686469505986,-0.6010764422541924,1.1461315885284369,-0.3942315742246322,1.103109556311863,1.1352233165051855,-1.1458808644363552,0.6278429429013556,1.0862403183997082,1.1100784203940715,1.0073257003923535,-0.3897196974802434,-0.4114687831447167
ADP.PA,3.1,17.0,-0.48386143266266574,-1.1099716386652159,-0.3869201473035346,-0.1976824333391865,-0.47286847563918066,-0.5532945101061832,-0.45146486362237903,-0.7427970276813096,-0.2559841773173443,-0.3847154684420167,0.4495800520755079,0.5253400666211703,-0.20391302777102463,-0.2797313362966464,-0.014816043929845995,-0.746463112866005,-0.7286210442084027
AGS.BR,2.7,14.0,-0.19601045536810474,2.025930827011201,1.6025574542694767,1.2312334838980665,0.913087402661143,-1.1946129353815047,0.408897020987236,0.024534272763949483,0.5822970134037968,0.607268278865306,0.215571762740217,-0.11362932478686752,0.2793189932645949,-0.1865127307505554,0.0023803522859860656,-0.807469269352837,-0.9095215564136591
AIR.PA,2.1,22.0,1.1748350469880595,-0.6784985495081447,-0.9172363924064502,-1.135490488330497,-1.3165370298949923,1.4552861949979226,0.8910581952340283,1.1440801633496076,0.291302279708811,-0.47742740660503347,1.0244197833662332,0.24329192114713857,-0.7094367285076922,0.42473025069770887,1.476478104023597,-1.216356109163899,1.3121472414326674
AI.PA,2.1,23.0,-0.3788238636485982,-0.3819781076935441,-0.1112733884996707,0.29658907862079337,0.4112045873294217,0.21750716297051026,-0.29057337653254156,-0.3861647927771799,0.6917534058143957,0.2035484186694145,0.12958576507411576,-0.48925998081829025,0.5599635465307967,-0.18007479630954565,-0.22343313065486872,-1.1999323591515834,-1.002875400576663
AKZA.AS,2.5,19.0,0.7736525340156494,-0.7285829062471627,0.6618304877730953,0.4205528526755792,0.4697875643880215,0.33558780663230775,-0.4062492808033276,-0.3048192408378524,-1.0767430354249625,-1.0748663995420538,-0.10509711655617271,2.304797919667765,-1.024635702465545,-0.9970782832644272,-1.1382463645404033,-0.4810301527876393,-0.6534762464836588
ALC.SW,2.0,16.0,-0.4880659278357407,-1.8093317014815518,0.3890127003019971,0.4442759122524976,0.9714822183341529,-0.0008062130135165415,-0.5409315304503829,-0.1838448478950001,-0.7680221482371806,-1.1709278734918394,0.7119564392155402,-0.06230458590263861,0.9497516479463428,-1.182775655759641,-1.2159530953468016,1.0878608580408884,1.4828348935868207
ALFA.ST,2.8,18.0,0.1835918466858597,-0.8699556673982097,-0.4861062976452626,-0.026284956736066338,-0.03550581594665543,-0.06740565475522614,0.20776170659892815,0.5324611642500671,0.14467802570459765,-0.00899398416564898,2.3436564668634423,-0.36810798159721286,-0.027143974513408376,-0.0831334658340644,-0.2684600217808575,-0.589217860333908,-0.5455463299269786
ATE.PA,1.6,10.0,0.49791552603973754,0.5062654279183605,-0.44052225205954293,-0.2199658754948953,-0.1028652226003978,-0.5549229378392815,0.38829565926977117,0.08012683193352334,0.4522225159491047,1.0285825366550583,1.6393892100387877,-0.7636800005068035,0.8559628743844157,0.9428218747855013,0.8324469539246431,1.4024611739563317,0.8789769975490201
AMS.SW,3.1,12.0,1.0984506279302226,-1.1529532504225757,0.48938650147093093,0.5508438905981158,1.1500233685822467,-0.04298308636272904,-1.093541640117226,-1.1409811114657984,-1.153777061673522,-1.1488177718812795,-1.1546772991231309,-0.9117196316165331,-1.153427124328513,-1.1234015106645188,-1.1445668356125607,-0.8866659821180974,-1.049464537098363
ABI.BR,2.1,30.0,1.4994133570974166,0.982237427922407,0.20866632108597563,0.26178696600771695,0.8923049297549871,1.0661855790773305,1.0578720614251476,-0.6538910903916351,1.4978497385453484,0.4973119846072566,-1.0155401494122018,-1.2222425679027622,0.3875636434205172,-0.35849194489673036,-0.7174872177244612,-0.6983105345445898,-1.4707637103814413
MT.AS,2.2,13.0,0.7071067811865476,0.7071067811865476,0.7071067811865476,0.7071067811865474,0.7071067811865476,0.7071067811865474,-0.707106781186547,-0.7071067811865479,0.7071067811865475,0.7071067811865478,-0.7071067811865475,-0.7071067811865476,0.7071067811865475,-0.707106781186547,-0.7071067811865475,-0.7071067811865482,-0.7071067811865476
ARGX.BR,1.9,14.0,0.38422974210833405,-0.1545693827597054,-0.054480752029454224,1.4926944931398347,-1.2474904660642572,1.4325119934207466,1.4103294505847987,-1.4923635022243338,-1.1399242298224503,-1.0930697710515125,1.4798159430693048,-0.5,0.5550205043404934,-1.1146907379947357,-1.038418187298337,-0.0714293625426407,0.03813869928610211
AKE.PA,2.2,16.0,1.7079595962235714,2.3015930356236973,2.325855160726492,0.525388676959295,0.6874743164135465,0.4965151263096252,-0.45815243396429356,-0.5695327721107324,-0.5513591853250621,-0.7231444376266969,-2.0845962050899103,-0.39732375509310874,0.6747394200822823,-0.7920866603262543,-1.118065658233195,1.0667240091488526,0.40769889866166537
ASM.AS,2.3,19.0,0.7071067811865481,-0.7071067811865476,-0.7071067811865486,-0.7071067811865476,0.7071067811865475,-0.7071067811865474,-0.7071067811865475,-0.7071067811865475,-0.7071067811865476,-0.7071067811865476,-0.7071067811865476,-0.7071067811865474,0.7071067811865475,-0.7071067811865466,-0.7071067811865475,0.7071067811865477,0.7071067811865472
ASML.AS,2.2,31.0,-0.7071067811865469,0.7071067811865476,0.7071067811865465,0.7071067811865476,-0.7071067811865476,0.7071067811865477,0.7071067811865475,0.7071067811865475,0.7071067811865476,0.7071067811865476,0.7071067811865476,0.7071067811865478,-0.7071067811865475,0.7071067811865485,0.7071067811865476,-0.7071067811865474,-0.7071067811865476
ASRNL.AS,1.8,13.0,0.3564134590732488,0.7697947596414324,0.91048350178032,0.9392189712999303,0.904608020564471,1.7861402130089226,-0.18080480519843772,-0.2558684724215053,0.9675800293984576,1.5735411081015611,-1.514408527588797,-0.5626227517635242,-1.2770445445869147,0.05846733604470627,-0.09469924210157882,-0.06976717483076915,-0.5344369024987708
G.MI,2.7,21.0,0.9027500798054389,0.5474588316417782,0.42391326326195816,0.6361632287689121,0.6654438423910771,0.23148757248852986,-0.1796921602433704,0.03227379098601556,-0.1074125063344497,-1.0673982214223565,1.59414980659615,-0.9118917733942636,-0.71409559298193,-0.09088850556124327,1.528539405152871,-0.33663614959327426,-0.21494934759840667
ATO.PA,3.5,11.0,1.1629768839343415,-1.7877358072590157,1.7796088786535296,1.4826079447176934,1.620924832498486,1.3736872783607195,-1.555827702877926,-1.5133559274224109,-0.9210656783411251,-1.6484277030654833,-1.020609393131167,-1.3692087437967426,-1.6868031612041638,-1.6017778528957376,-1.736404887044305,-0.6926482111836165,-0.7839524572734503
NDA.F,2.2,12.0,-0.7071067811865479,0.7071067811865477,-0.7071067811865476,-0.7071067811865476,-0.7071067811865475,0.7071067811865476,0.7071067811865476,0.7071067811865475,0.7071067811863021,0.7071067811865477,-0.7071067811865471,-0.7071067811865477,0.7071067811865476,0.7071067811865476,0.7071067811865475,-0.7071067811865477,0.707106781186547
BALN.SW,2.7,6.0,0.4066316218390681,0.2528324654328131,-0.03866048354139221,0.2634360511646763,0.2543627635547891,0.7104117636609688,0.3276739392673225,-1.1345359761726697,-2.279780603723845,0.19040450436702178,-0.7169957375152671,-0.5769025173931991,-0.5900659733866295,-1.5589480662650348,-0.3159748753428464,-0.5072416727450186,-0.8233852058277764
BARN.SW,2.1,11.0,-0.7071067811865476,0.7071067811865476,0.7071067811865476,0.7071067811865477,0.7071067811865477,0.7071067811865479,-0.7071067811865476,-0.7071067811865477,-0.7071067811865477,-0.7071067811865476,-0.707106781186547,-0.7071067811865475,-0.7071067811865477,-0.7071067811865471,-0.7071067811865476,-0.7071067811865475,-0.7071067811865471
BC8.F,2.2,17.0,-1.3530816032217,0.4138368495049361,-0.5983066380003118,-1.289597935100578,-1.0883189929680317,-0.7071091495177869,-0.0058191447574491295,1.2975502469041185,-0.9558682939622095,0.05058761290056285,-0.3791912902391212,0.5913750953276401,0.6233430045066305,0.5639281319364174,0.34637975736739696,0.05199910040226847,0.9512782781934754
BB.PA,1.9,7.0,-1.0680396171774527,1.1223139145686531,1.069790742994925,0.8910816247924024,0.6098446692592648,0.6290649372253437,-0.661611431838571,-0.8369604965101969,-0.11030065069339609,-0.29790856397268184,-0.18254904307024078,-1.1410710221977807,0.8497820598475171,-0.22446631732935068,-0.333401673174884,1.1458577416733524,1.152086183984286
BIM.PA,2.0,13.0,-0.9027588408348046,-0.02243667775190057,0.017552615272815427,0.07510581610234894,0.08022878407886527,-0.8677325022156283,-0.5079338570333343,-0.4211734580326554,-0.42647067334978844,-0.109242343615663,1.0347752841430633,-0.9169635943113904,1.0617444115359163,1.3997489565217447,0.9583687891537872,-0.6243052558375027,-0.2895348677643038
EN.PA,2.5,11.0,-0.3577335423263994,-0.04998343002409726,1.0422804322306964,1.0196390037659786,0.9925675004765991,0.863052689752478,-1.1624526963681232,-1.094957516400686,-0.8749892523996533,-0.7070973710287369,1.605276198049548,0.640173229436605,0.09071655103189277,-0.4584977723056925,-0.9537391640471174,0.7163372038791871,0.6131213781217462
BNR.F,2.1,23.0,0.809222599835748,1.276505787491907,-0.2256779552377877,0.2667830800895404,0.5272234025857339,0.5027036721884467,-0.46981132899097877,-0.4966560721541294,-1.308232087206661,-0.8731649055598492,-1.32952954245333,-1.4832355721197916,0.32722304061663793,-0.0022896597553963144,0.22913298025276604,0.07717626627142338,-0.22521271189537645
BUCN.SW,2.3,8.0,-0.6057162739964119,1.7106896639011502,0.6607774529497678,0.6239436140762642,0.5365569940614986,0.18292841840085583,-0.5846013302553054,-1.0610949768307116,-0.20075958212533956,0.16123611669130994,0.116895375698013,-0.6250086582925106,1.2986692747437687,1.0127748727403938,0.4230653525905462,1.3451704252267902,2.063004429170022
BVI.PA,2.7,17.0,0.7071067811865476,-0.7071067811865475,0.7071067811865476,0.7071067811865476,-0.7071067811865475,-0.7071067811865486,0.7071067811865475,-0.7071067811865458,0.7071067811865476,0.7071067811865476,0.7071067811865475,0.7071067811865475,-0.7071067811865476,0.7071067811865475,0.7071067811865474,0.7071067811865476,0.7071067811865499
CAP.PA,1.8,19.0,-0.6644743629737936,0.42928405696187827,-0.4277661898497769,-0.1987278072161011,-0.42132212365983507,-0.8616833531157236,1.1950407279160944,0.14027045880856467,1.4259898255669974,0.4580039268796069,-0.34146081359841257,0.7249114082874615,0.0264874261900897,0.38132864612587225,0.3696309554227913,0.4129637294083077,0.23859422612670236
CA.PA,2.1,18.0,0.6816210279780852,1.1518007081339487,1.0981295725774105,1.066203044171037,0.9966629856726458,-0.9729323542814579,-0.8512129368124374,-0.4231911668883713,-1.0430589423626329,-0.7356167392355292,1.0699035634845087,-0.8447862560390439,-1.1247816455469912,-1.0731215918524122,-0.9551843521555958,0.4234599084784638,0.17718671740726355
CDR.WA,3.6,16.0,0.7071067811865476,0.7071067811865476,-0.7071067811865475,-0.7071067811865476,-0.7071067811865476,-0.7071067811865476,0.7071067811865477,0.7071067811865476,0.7071067811865476,0.7071067811865476,0.7071067811865485,0.7071067811865475,0.7071067811865475,0.7071067811865475,0.7071067811865476,0.7071067811865476,0.7071067811865476
LISN.SW,3.1,9.0,0.7071067811865476,-0.7071067811865476,-0.7071067811865474,-0.7071067811865474,-0.7071067811865475,-0.7071067811865472,0.7071067811865475,0.7071067811865472,0.7071067811865474,0.7071067811865474,0.707106781186548,0.7071067811865475,0.7071067811865475,0.7071067811865479,0.7071067811865476,0.7071067811865475,0.707106781186548
CHR.CO,3.0,10.0,-1.6225920647646406,-0.5281942361122308,-1.5783056860110976,-2.8319240487156954,-2.744866914008166,-2.8121618726920494,2.8253716708101555,2.814863154891917,1.9047262724858156,1.3026190493322871,0.8234308064158382,-0.2316611343360729,0.5500472843740531,-0.029496173076561532,-0.3507898865443193,-0.23364321706828198,-0.11639983247784087
SGO.PA,1.9,21.0,0.7071067811865475,0.7071067811865476,0.7071067811865476,0.7071067811865475,0.7071067811865476,0.7071067811865476,-0.7071067811865476,-0.7071067811865476,0.7071067811865476,-0.7071067811865472,-0.7071067811865476,0.7071067811865476,0.7071067811865493,-0.7071067811865471,-0.7071067811865472,-0.7071067811865478,-0.7071067811865476
CFR.SW,2.2,25.0,0.22553212188647423,0.04981745805675697,0.1804961895942705,0.42913161612036504,0.7137459564599047,0.44867935779203516,-0.3717462087498755,-0.33826629365431526,-0.2017784188370707,-1.385799643197959,0.18275406713628345,0.27583434244267435,0.0641678205930795,-0.7427763108412955,-0.5131729959412078,-0.019735996120605726,-0.3315605023996507
BN.PA,2.5,25.0,0.6221073055030744,-1.0184643688551394,0.721418964165429,0.7661155128852564,0.5403135633774088,1.1640246190146244,-0.3877637505658845,-1.0221097602480125,0.24272110713582745,-1.077037658331205,0.23912658984005367,1.527345716767116,-0.40876972107356846,-0.9332185650001127,-1.094939631188575,-0.4471343907819995,-0.8416503991926755
AM.PA,2.3,16.0,-0.4162735980379928,-0.26747414753369825,-0.20056414094203398,-0.02300245334030209,0.44193708783941765,-0.14786827900622398,-0.6227561419729539,-0.6915708450098373,-0.27175179113774717,1.4889913352418862,-1.3720568217648828,-0.09153136582676043,1.4502705292997582,-1.3516601085300377,-0.48005831924105874,-0.14310071872516483,0.2312497118564514
DSY.PA,2.7,22.0,-1.154692428322588,-0.7411029904066522,-0.16388101223732043,-0.037177892666350396,0.6107582133244222,0.5615929487506786,-0.5357915596026166,-0.5464002855249389,-0.16370647752633363,0.6275398717348204,-0.22145250929119803,-0.8962302958900835,0.37773406996522446,-0.5427546069157844,-1.0215106187053933,0.07609498845763112,0.10174268657252093
DEMANT.CO,2.7,17.0,0.09477304472845777,0.4688544928271262,-1.140522206206639,-1.2301370899971777,-0.9761853633718653,0.1211407534863315,0.6249039110081082,-0.4225567650720948,0.47802017084076276,0.2755435479492121,1.4719443700343766,-0.5000000000000001,-0.2376687026394016,0.6423677340811856,0.7225979848282509,-0.42058643629062115,-0.6225806641867836
DIA.MI,2.8,12.0,-0.8277007042150306,-0.33540243062128866,0.008715876568282618,0.07029114815966411,-0.44516366322359857,-0.30204193659334816,0.43308044652315864,-0.019655244898717564,0.9440677899854673,0.4001253444292053,-1.1809935308154527,1.0127424085162617,-1.0825180061496846,-0.008212032299851207,0.5385318932041925,1.4120552353062816,1.399148941989514
DKSH.SW,2.1,6.0,-0.7071067811865476,0.7071067811865475,-0.7071067811865476,-0.7071067811865476,0.7071067811865477,0.7071067811865466,-0.7071067811865475,0.707106781186549,-0.7071067811865476,-0.7071067811865476,-0.7071067811865475,-0.7071067811865475,0.7071067811865475,-0.7071067811865475,-0.7071067811865476,-0.7071067811865476,-0.7071067811865451
DSV.CO,2.3,19.0,0.7071067811865483,-0.7071067811865478,0.7071067811865485,0.7071067811865485,0.7071067811865476,-0.7071067811865476,0.7071067811865478,0.7071067811865479,0.7071067811865475,0.7071067811865472,0.7071067811865462,-0.7071067811865475,0.707106781186548,-0.7071067811865475,-0.7071067811865474,0.7071067811865412,0.7071067811865495
FGR.PA,2.1,15.0,0.734636315752124,0.44744042514898874,1.1402323416062188,1.1570019818168478,0.3465380428754268,0.7550839655419399,-0.04514379403371357,-0.8270569948220993,0.780077035552997,-0.3215034814975154,-0.3339836385203757,-0.579094888593204,-1.5040073942871364,0.6853384617724559,1.1881697978222923,1.0550309172972427,0.7602085774186298
ELIS.PA,1.8,12.0,1.4015849075972624,-0.6194804152877913,-0.2807424483511397,0.0924064715744213,0.6430739456054941,0.2497601491824512,-0.0033895947710405627,-0.9655070961472911,1.0481457742337825,-0.08474098279812749,1.038433550050292,-0.6456993505127989,0.5362121991336518,-0.7143529677998917,-0.6997685496534954,-1.1782777205987807,-1.1106441016668684
ELISA.HE,3.3,18.0,-0.5322004584599228,0.2342028310949102,-0.30157446161318224,-0.6754398495606311,-1.7133758844403997,0.3658314684758858,1.3889320112643817,1.6666467519346608,0.49434332482466153,0.22481297936594496,0.029047893813576624,-0.11982663503893146,-0.08935162598265985,1.812885461774656,1.535193242618432,-0.2960401454192348,-0.6713150428628889
EMSN.SW,2.9,7.0,-0.2377277029556102,-0.32051908618359004,-0.46528805175549726,0.1961053554506764,-0.12098300823609384,0.4025688103560238,-0.09054606908676222,-0.15852106097254143,1.0613103569358802,1.954706046582793,0.976484859652983,0.5735569123998676,1.639572284282148,2.616269904552008,1.8754966814184701,2.2042810298070936,2.4112534765606926
ENG.MC,3.3,19.0,-0.23449332217806765,1.1331902438160302,-0.35891149320494664,-0.19483322620906843,1.2204408575582397,-0.3706828503337919,0.8543054175200894,1.0502304120143562,0.5885618570869299,1.462214313773327,-0.296559398707261,0.06146837686443029,0.6265930911810494,-0.9196902622451499,-0.14855941818343726,0.27358420514385473,-0.16181461569514807
ELE.MC,2.3,21.0,0.985502347126568,1.0875250993805352,0.8988973208539619,0.8315941406255205,-0.8342380607621651,0.6989050976399744,-1.1092065771162174,-1.0005346158388917,-1.153567621223713,-1.146193559415525,-0.9816060769328878,-0.8539194368520271,-0.8070388915521007,1.150239803797462,1.154242455240221,-0.7213892431364083,0.3291830111323305
ENEL.MI,1.8,24.0,0.31058692437972757,-1.2516039898855145,1.1445427108685646,0.9787211373636288,-1.4231261697941218,0.5320263184800421,0.10670146620478366,0.043405016205440176,0.24221727320682146,-0.4405551764846992,-0.794441634188724,0.5762536228282527,-0.7909184358998117,0.5805842041061672,0.7597938847019262,-0.6257613823805717,-0.6182865511231624
ENI.MI,2.1,26.0,0.7528697532005636,0.014000342990500344,-0.27940737380074243,0.044451475477904706,0.40115899718863124,0.1279514073255572,-0.3598844683292666,-0.29179915749671426,-0.4080639772308693,-0.18612482445468334,-0.4195151410308041,0.37650824474521194,-0.40438454936774915,-0.8888301940638879,-0.5474806915591521,0.11293273369663535,-0.3925786644078668
EQNR.OL,2.6,26.0,-1.4733136360596788,0.19176022403566717,-0.817500340930821,-0.6365009534866737,-2.2601654053942113,-1.7945850434316448,2.2641945103453405,2.2325998905989746,2.1764841060856175,1.9373163117867633,-0.4105892869663189,-1.3461424851348736,-0.4611146401586945,2.03915032059319,1.6749469830375232,1.8669192539224966,1.2022721597490948
EL.PA,2.3,20.0,0.41262316285044165,0.5431149466526703,0.717272761707369,0.5082901309838447,0.9106695805964377,0.4958867132527298,-0.8673036270349712,-0.8270269513807118,-0.748199119129769,-0.3253040927814891,0.572876576671109,1.8538793111438123,0.781649752571819,-0.8079390554448238,-0.7976861525438155,-0.5713162017464023,-1.239400706092106
RF.PA,1.7,8.0,0.7071067811865475,0.7071067811865475,0.7071067811865475,0.7071067811865476,0.7071067811865475,0.7071067811865476,-0.7071067811865475,-0.7071067811865475,-0.7071067811865474,0.7071067811865476,-0.7071067811865476,-0.7071067811865475,0.7071067811865475,-0.7071067811865477,-0.7071067811865476,-0.7071067811865475,-0.7071067811865475
ERF.PA,3.1,15.0,0.9019237843626944,1.3669804514650397,1.2114617940781367,1.1477211449378337,1.35054361905348,-0.27290787684289536,-1.0920959831372348,-0.9468605983496327,-1.205610415317357,-1.3256235539530914,-0.4386547400171681,0.7034240394945793,-0.5814906392529889,-0.8860943871780926,-1.3277416485347615,-0.785070557769907,-0.9688904234123913
ETL.PA,3.1,8.0,-0.7071067811865476,-0.7071067811865477,-0.7071067811865476,-0.7071067811865471,0.7071067811865476,-0.7071067811865476,0.7071067811865475,-0.7071067811865476,0.7071067811865476,0.7071067811865476,-0.7071067811865474,0.7071067811865476,-0.7071067811865476,0.7071067811865475,-0.7071067811865474,-0.7071067811865476,0.7071067811865475
EVT.F,2.1,8.0,0.950003019420985,-1.1511641331343985,-1.1155522389712125,-1.1527056997069487,-0.7618158488938875,-0.3872256078104203,0.7054873672923686,1.150353054620434,-1.148911414400031,-1.1536754369264886,0.708809399407913,-0.5773502691896257,0.2774314001472951,-0.988158973565565,-1.1544183124094012,1.147136025468312,1.1399997022125168
FORTUM.HE,2.0,17.0,-0.024629358187765963,1.1395347643875395,1.0865280822509393,0.9943393781603413,1.128207193614857,-0.8832080584029353,-1.150851159139242,-0.8093161187896646,0.4680947337657884,1.0760876335641616,-0.28053505051740873,-0.3907564467543633,-0.5144937514463301,-0.6308424141093041,-0.15291962068544984,0.478390968312155,0.6558104308630603
FRA.F,2.9,23.0,1.1499002012184758,0.27935523137267115,1.1356488019371134,1.0840778591376976,1.148737122589779,1.1543709523603758,-0.6946667249060581,1.1370286019059417,-0.8471253789945191,-0.750507848063168,0.6963008123608468,-1.1531830095225257,-0.8823272906286838,-0.8303470840974247,-0.9925096564625069,1.1361828103462497,1.1400898273531181
GLPG.AS,2.5,11.0,-1.3024295491246622,-1.3531323650188478,-1.377926622342288,-0.3642126622387462,0.9092526292391948,-0.058121903378042065,-0.9020331879668798,0.37211912829773763,-0.49812830163722865,-0.5265379622420578,-0.5022446409780466,-0.5,0.5417926075141064,-0.2959925024934168,-0.47823002401466397,0.08293361083676765,0.04133170666819451
GALP.LS,2.4,20.0,-0.14371608962049626,-0.5419837333030499,-1.3147520976191818,-1.778311839323048,0.20673805810763074,0.12145853377596244,-0.34856565174260407,-0.19985675935178643,-0.4802291004064177,-0.6188482235152386,-0.3153801769451435,-0.27920150491684165,-1.7044003153801117,-0.07550223239747138,0.3428364360686967,0.2518929333624164,0.6502084129255313
GMAB.CO,2.6,23.0,1.0651111789989265,0.8192681060400301,0.5258689451898227,-0.5994308676957518,-0.3599485518454429,-0.6925416911493137,-0.06958862420648677,0.6188793266424751,1.0544332510350471,1.1387352007115163,-0.28869533405035547,-0.5,0.3994630313674409,1.2862200045033627,1.2793196977585386,1.2165313308043482,1.1837187922612074
GF.SW,2.0,6.0,0.5478910663254055,0.29118959542318945,0.262240649392762,0.45005388768107635,0.3206652148976556,0.301529209760759,-0.47836969282216685,-0.6060994103697572,-0.5012344851659225,-0.45916691715287017,-0.741614924510345,-0.5350554085457674,0.2404145507355001,-0.0025216738675413676,-0.11506712055665537,2.01011639838828,1.6582743314122284
GXI.F,1.6,14.0,0.7567231650592697,0.6200198995812352,1.16414061754478,0.582071574983097,0.766954115934987,1.5704695052293414,-1.2187515939245221,-1.2930394791077213,-1.1214128746250323,-0.9350373827925971,0.9238876583308638,0.27782759223931597,-0.7164278734530702,-0.6448788239274018,-0.6077875208091544,-0.4243681529729709,-0.6643421015012965
GIVN.SW,2.7,20.0,-1.0510996739217242,-0.3610379823584694,-0.2789305132568823,0.25621306160883617,0.09811814900441565,-0.011636689454712894,-0.21064673472309745,-0.1494826663126161,0.0953343075296716,0.4737798178359345,-0.03367189171217187,0.5207045405462549,-1.0464125919078056,-0.3023694205452788,0.8649614486973947,-0.6734422139026949,-0.4887595024112425
GN.CO,2.2,17.0,1.1895257353266109,0.4433099780560633,1.0836432657949928,1.0441629032070254,0.6188224301375013,1.1017115527969321,-0.6637799781542855,-0.5879823585233724,-0.18299108154985128,-0.07693485212021056,-0.22488038986636333,-0.5000000000000001,-1.313968272375996,-0.2006364023690853,-0.09053074100502347,-0.5447447938671884,-0.9594092275162178
GRF.MC,2.5,17.0,0.6895682212552414,-1.2837988525350708,-1.1063775636368427,-1.29721198279072,1.1307381119759168,2.0280559317392672,-0.6550671042404888,1.9027970103496998,-1.9301245406119714,-1.923270161309329,0.9681723369065371,-1.8081795897609847,-1.1649205699052687,-1.2791922548312824,-1.29795635090889,-0.4064639246620232,1.0437279431839752
HEIO.AS,2.2,3.0,-0.5053319609253121,0.7362327899821155,1.0302974276994703,0.9303553121254541,0.3654176131357822,-0.26470629670212936,-1.2848203929419604,-0.9216940471272332,-0.476819168032151,-1.361032923345311,-0.18188778795442415,-0.0074612347309279846,0.24766588612365106,-0.6550471082753271,-0.37630448482052153,0.8585785260794124,0.6291822957217611
HEIA.AS,2.3,24.0,-0.5309544321586449,-0.7681281135262221,0.13132768585476623,0.22712536601957847,0.17092897696268564,-1.2586424233883136,-0.20620574207710468,0.29704198923278546,-0.4479136527878422,-0.08159023007972965,-0.18188778795442415,0.002486930863412121,0.8196402096173045,-0.47526054047705285,-0.3872928028086443,0.8585785260794124,0.6291822957217611
HELN.SW,3.4,4.0,0.563381445184803,-0.030503373531217334,-0.6385824180942234,-0.4381249392429548,-0.37062400460640804,-1.314864851125969,-0.2019450593447166,0.21887357532002927,-0.3641232571401694,-1.0416446848582823,-0.16961916127835253,-0.7143159997640061,0.7392884523029146,-0.37138625099736394,-0.07710484431756569,-0.6149423661313154,-0.8413955336775519
HEN3.F,2.7,24.0,0.15392964546347404,-0.3259791354681752,-0.15851680588595576,0.19044672951637312,0.5442343703029985,0.5240425003467264,-0.48876901218388574,-0.27044851835365136,-0.9402768818575555,-0.8171916001835313,-0.896149847799364,0.7237271940499704,0.2521635011673376,-0.8686904644010808,-0.790708424514173,-0.4494075087755577,-0.5087893299829078
HER.MI,1.8,5.0,-0.14091409495544174,1.1809360152442006,0.167348751788958,0.2756507192340305,0.8694688186027991,0.6139581867788657,-0.7781399608592745,-0.5951218572622717,-0.8497666760502823,-0.48600868789779034,0.10932683039294344,-1.3300477440753529,-0.3632241008249326,-0.14299254878579215,0.964252200165202,1.046463537976813,1.2657734937778073
RMS.PA,2.5,20.0,-1.02962151107098,-1.3408062585608846,-1.395262594846239,-1.712401654319149,-1.0513230604695334,-0.14701878922083902,1.7312537759985376,1.6627695295880824,1.6478370527737964,1.3662270367350104,1.3401964923327472,0.26116230295104237,0.6486323710101596,1.129219927803606,-0.11677682468234767,1.3189145604205048,0.2299955263681371
HOLN.SW,2.3,22.0,-0.7071067811865469,-0.7071067811865475,-0.7071067811865476,-0.7071067811865476,-0.7071067811865476,0.7071067811865476,0.7071067811865475,0.7071067811865475,0.7071067811865434,0.7071067811865476,0.7071067811865474,0.7071067811865477,0.707106781186548,-0.7071067811865474,-0.7071067811865472,0.7071067811865475,0.7071067811865488
HUH1V.HE,2.1,10.0,0.7071067811865477,0.7071067811865477,0.7071067811865471,0.7071067811865478,0.7071067811865476,-0.7071067811865476,-0.7071067811865475,-0.7071067811865485,-0.7071067811865477,-0.7071067811865477,-0.7071067811865475,-0.7071067811865477,-0.7071067811865475,-0.7071067811865475,-0.7071067811865466,-0.7071067811865475,-0.7071067811865474
IBE.MC,2.1,23.0,-1.2826019480542927,-0.09953743122652557,-1.2889886893400908,-1.395104296014851,0.09590376429200759,-1.4904242932147576,1.3743958505998262,1.392046183233249,1.3124047749340624,1.4977978562762002,1.372659092711403,0.9313346008587126,1.4649039617215998,0.9096393464927491,-0.8038702442494219,-1.054401314497496,-0.958534591576976
IMCD.AS,2.3,16.0,0.5732729302891639,0.044934171833892055,0.306283164579678,0.3746754701455741,0.3410793104094135,0.40057658476613783,-0.38749672073028585,-0.33904132692009004,-0.7604622077880551,-0.5092922026331561,0.16019657572154472,-0.5674277329749984,-0.09040714539257008,0.21078313269056162,0.312582655243298,-0.5677213012021147,-0.5296891176049944
IFX.F,2.3,28.0,-0.2409159506629656,0.5214847916810903,-1.1504391528148135,-1.1543009222595086,-0.6649265817556493,-0.9778153870032763,0.8679016516480066,0.7241836832913671,0.5369026712485209,0.4735957158818675,0.5836830303259782,1.0695172813326093,0.5297625062928222,0.3304502755976048,0.44009011573735146,-0.19726639788533118,0.10763738842034504
IP.MI,1.7,7.0,0.29257312842425226,0.3186006882907802,-1.6202632519493982,-2.0478191526729073,0.3608818695963204,0.0354736312737613,0.024876652351289552,-0.4698456909383138,1.1581994091804955,0.7818347005462222,0.21526634759688731,-1.2607804834212164,0.04318471239327775,0.5082158110006468,0.03706835702848166,0.7174242267876213,1.2117656429181478
IPN.PA,2.6,17.0,0.09343555568747951,0.6537859919079203,0.8159570668747127,0.6351080827892356,-0.37057558121406886,-0.748481802008595,-1.1443974469437268,-0.6618707444995893,0.47444610068149384,0.5347100592076319,-1.1438297604179204,1.1547005383792517,0.831992218746032,1.0114346667330625,0.5993172990568845,-0.45929113710057423,-0.4109385131999983
ISS.CO,2.3,15.0,0.5704061992688136,0.8983330463603029,0.8339789025181807,0.7915422867145891,0.39487539667235,-1.6950801246428007,-0.7491004443999711,0.020098963154707838,-1.079888945176986,-0.9900733748247977,-0.28506019020988416,1.6705687636623798,-0.8068496911193788,-0.6445919382654928,-0.8681800041639247,0.7371491158425865,0.43535269909436264
IG.MI,2.6,14.0,-0.6871964137831519,0.24024757966289895,1.3593519880660927,1.192207004283663,0.014164414529811755,-0.9374102105631654,-0.2924727617656565,-0.5008596396382232,0.09965492524062662,-0.32756416762518925,0.4662943600252432,-0.657055174055708,-1.3913356943543953,0.0535515146719205,0.38382242866839783,0.3675577271323253,0.7072571405102546
DEC.PA,2.8,13.0,0.7071067811865477,-0.7071067811865477,-0.7071067811865474,-0.7071067811865474,0.7071067811865475,-0.7071067811865475,0.7071067811865474,0.7071067811865475,-0.7071067811865451,-0.7071067811865478,-0.7071067811865475,-0.7071067811865476,-0.7071067811865476,-0.7071067811865475,-0.7071067811865471,0.7071067811865476,0.7071067811865478
TKWY.AS,2.6,18.0,-0.7071067811865475,-0.7071067811865476,-0.7071067811865475,0.7071067811865476,0.7071067811865475,0.707106781186547,-0.7071067811865476,-0.7071067811865476,-0.7071067811865475,-0.7071067811865475,-0.7071067811865476,0.0,0.7071067811865476,-0.7071067811865475,-0.7071067811865476,0.7071067811865476,0.7071067811865487
KRZ.IR,2.1,14.0,0.5793337166852532,-0.2031720254489384,-0.38643911333800185,-0.23259092879837998,0.4218590226174453,0.7142270527350311,-0.00399299056646797,0.4292485191808912,-0.22667343063097867,0.45811560489177183,-0.19314070717850484,-0.9104717643025931,0.7375778060142046,-0.8992674332065258,-0.4472256680905501,1.0699287207997854,0.8646971715770988
KESKOB.HE,2.2,7.0,0.46637260071515724,-0.50507418265693,-0.8582307310064493,-0.9170394095755527,-1.0033039373742063,-0.05209855944555672,1.1013115831954727,1.1420158794398956,0.9505061979020203,1.1386202855332919,-0.911089753279777,1.1041204460915288,0.7885537891947294,0.9057593019160173,1.0394793000162463,0.7185986325695144,0.8995633345291904
KRX.IR,2.4,15.0,-0.7071067811865477,-0.7071067811865476,-0.7071067811865474,-0.7071067811865475,-0.7071067811865475,-0.7071067811865475,0.7071067811865475,0.7071067811865476,-0.7071067811865476,0.7071067811865478,0.7071067811865475,-0.7071067811865476,-0.7071067811865457,0.7071067811865478,0.7071067811865478,0.7071067811865472,0.7071067811865476
KNEBV.HE,2.8,25.0,-2.039546506209644,-0.57997251762023,-0.6592879444670174,-0.20008234339018677,-1.5204745801006505,0.19762034185635077,-0.1759219721301723,0.3801325678070491,-0.5950360830113786,-0.20987356724778347,0.28680887261425053,0.9883068604156922,0.8354284861701444,0.5617605756944981,2.1237986672567013,-0.31951949359707965,-0.9189424846325552
AD.AS,2.0,21.0,-1.1479936286932426,-0.6467265254770124,-0.23989884157096192,-0.14916363459548276,0.00664095170156032,1.0250309137270142,-0.25009864638303586,-0.7188247125515236,0.09255274446061204,-0.40300354629776214,-0.15881381020473176,-0.25933419005248465,0.33622785635226093,0.16736228993639415,-0.08429494786065,-1.1420585410479775,-1.0767500519364568
KPN.AS,2.3,17.0,-0.2932355748978975,0.26547728774423585,-0.11815209434652209,-0.48320571605261786,-1.374133643326245,0.373711262654687,1.149154745892653,0.6336154465669999,1.5332433550498177,0.1143789339901142,-0.31952683194934267,-0.36867010773146935,-1.654922850396005,0.6717672272028513,0.8246696993984609,0.5241576600712858,-0.3972333150181784
PHIA.AS,3.2,18.0,-1.255066560925493,-1.497146526669794,0.5399611035291495,0.5284141092676685,1.073183228290216,-1.3269234245506107,-1.0217477251438394,1.4965131913355358,-1.3082233579527969,-1.3031386543461114,-0.6746411695990895,-0.5000000000000001,0.8570967621494422,-1.3275601683154508,-1.3813743741824744,-0.5323289581095316,0.321643669080976
KNIN.SW,3.4,13.0,-0.7071067811865468,0.7071067811865471,-0.7071067811865468,-0.7071067811865467,-0.7071067811865476,0.7071067811865476,-0.7071067811865472,-0.7071067811865471,-0.7071067811865475,-0.7071067811865479,-0.7071067811865488,0.7071067811865476,-0.7071067811865471,0.7071067811865475,0.7071067811865476,-0.7071067811865538,-0.7071067811865457
LEG.F,2.3,18.0,1.123859850114056,-1.1476719765794203,1.1536040472558666,1.1515895281316686,1.1441150131631055,0.522756505485072,-0.8846170002761221,-0.5173237583632337,-0.9707085589912899,-1.14021616791711,0.5981950718891961,-0.5773502691896257,-1.0408782323649817,-0.26502942168354504,-1.1546834951332987,1.1144202870404405,0.5168873313323054
LR.PA,2.6,21.0,-1.0737561752968834,-0.6341037191504213,-0.5964312596743111,-0.6053018827065663,-0.4148919410476916,0.28206574353458974,1.1987038967747834,0.9863347280910999,1.198784456550534,1.0543204943606697,0.18607042356601408,-0.30721121457887585,-0.6685090581319554,0.5628280207313271,-0.09829389227139135,1.475636070178152,1.4923037690654413
LDO.MI,1.9,14.0,0.38189309536786376,1.4781393535261687,1.4231086933967276,1.3000374565243042,1.02422387154023,-0.7066535478241216,-1.0781311864986314,-0.9713814955441206,-1.2016441202631247,-0.6529843490432763,0.23545629196504278,-1.2843742613230882,-0.1264931829238551,-0.06711008202964887,-0.7139994017670657,0.14310071872516483,-0.9016140451032388
LONN.SW,1.8,16.0,0.8285357606871403,-1.009141343091851,-1.2377302859192356,-1.2931181091998458,-0.9856087399087441,1.442682315651872,1.16694939364741,1.387689301281004,0.6880132986816782,1.0347405531395506,0.5848729866895576,-0.7992028536994507,0.6022642338667579,-0.5054425370438004,-0.1691590338232189,-0.002679421698873106,-0.1407236508128177
OR.PA,2.8,26.0,0.9141099717139778,-0.7963347791004778,-0.911273937108969,-1.081528354308776,-1.1540790395622635,-1.15310743757207,1.1503804440224568,1.1074090148638482,1.0505775325509517,1.1151001641562133,1.0786988908696051,0.4173438281478094,-1.1019455610148539,1.0931567817304313,1.1241100976890575,-0.6964502328977941,-0.6432968540013778
LPP.WA,2.2,12.0,0.7071067811865456,0.7071067811865475,0.7071067811865472,0.7071067811865475,0.7071067811865505,0.707106781186548,-0.7071067811865476,-0.7071067811865476,-0.7071067811865475,-0.7071067811865476,-0.7071067811865475,-0.7071067811865569,-0.7071067811865477,-0.7071067811865476,0.7071067811865476,-0.7071067811865475,-0.7071067811865471
MC.PA,1.9,30.0,-0.35855914737889266,-0.6165909736851648,-0.4780124283914933,-0.018766582906541426,0.22712505002107206,0.11799322517373945,-0.07292449581628929,0.12832093219376567,-0.07940833044428086,0.2478574446197353,0.22844258392035444,1.3872413339337648,0.22058466393089318,-0.3715084786692887,-0.2315337575192254,-0.9110912307479798,-0.7384756644355857
MONC.MI,2.0,24.0,-0.7071067811865495,-0.7071067811865475,-0.7071067811865479,-0.7071067811865475,-0.7071067811865447,-0.707106781186547,0.7071067811865476,0.7071067811865476,0.7071067811865475,0.7071067811865475,0.7071067811865475,0.7071067811865381,0.7071067811865475,0.7071067811865474,-0.7071067811865476,0.7071067811865476,0.7071067811865478
MOWI.OL,2.1,13.0,0.7071067811865476,0.7071067811865472,0.707106781186547,0.7071067811865476,-0.7071067811865476,-0.7071067811865475,0.7071067811865476,0.7071067811865476,-0.7071067811865476,-0.7071067811865475,-0.7071067811865477,-0.7071067811865478,0.7071067811865478,0.7071067811865475,0.7071067811865476,0.7071067811865475,0.7071067811865475
NTGY.MC,3.9,15.0,1.4727781627311423,-0.08880786304366729,-1.0115440786310903,-1.2209421231154398,-1.2289391267923009,-0.09705352733908164,-1.2875925346798198,-1.139338952736846,-1.4411140125074031,-0.8028198072056623,-1.2424980595355661,-0.7947125099462771,0.8177736782139583,1.3754609834118088,1.0662046532838736,0.8162055095288961,0.8054367949769734
NESTE.HE,2.1,21.0,-0.7071067811865471,-0.7071067811865474,-0.7071067811865476,-0.7071067811865476,-0.7071067811865475,-0.7071067811865475,0.7071067811865475,0.7071067811865476,-0.7071067811865492,0.7071067811865475,-0.7071067811865476,-0.7071067811865476,0.7071067811865475,0.7071067811865466,0.7071067811865475,-0.7071067811865475,0.7071067811865479
NESN.SW,2.3,23.0,-0.0814143846776224,-0.6619729820377148,-1.0170134675328182,-1.158631111515546,-1.7595638787057242,-1.1668794348641498,1.6808271956737446,1.4867114324353718,1.3465003567349074,1.1941823156647133,-0.19314070717850484,0.38470503507244447,-1.5697849886218516,1.3763232780650416,1.5767791853230926,-1.1847540490448223,-1.0233653353006256
NN.AS,2.1,15.0,-0.16101052687519402,-1.2220567387861099,1.263424895690969,1.1018459465432149,1.4427196362988075,0.5528378110189491,0.30653368512104373,2.274180034371903,-0.7431598472956912,0.6100154601176692,-1.115702132552032,2.3211873877807516,0.005204701737849344,-0.849507358729787,-1.843582381832477,-0.6759409889341736,-0.8179038016995841
NOKIA.HE,2.2,24.0,0.7071067811865476,0.7071067811865474,0.7071067811865476,0.7071067811865481,-0.7071067811865475,0.7071067811865475,-0.7071067811865474,0.7071067811865476,-0.7071067811865476,-0.7071067811865476,0.7071067811865478,-0.7071067811865476,0.7071067811865476,-0.7071067811865475,0.7071067811865476,0.7071067811865476,-0.7071067811865475
NOVN.SW,2.6,21.0,0.8645636877680379,-0.7314741866224901,0.22902695734103548,0.445561701342489,0.3335904064004966,-0.3202182768571944,0.07666341943061869,-0.589830645677294,0.7592145321289043,-0.13095139449419607,0.765712706132516,1.1749334503558992,0.4298631625396691,-0.28126231882204944,-0.5447450422293405,-0.7641980417129431,-0.8735825120566609
OERL.SW,2.6,7.0,0.4544820646542518,0.5279562102717891,1.2539836603461825,0.8259771452251575,0.7856435061508753,1.2116649285120211,-0.5925166287307158,-0.626767109384639,-0.9339617578110547,-1.2704935846409005,-0.6700723994929818,2.181585933320928,-2.6622343473777383,-1.463831055976005,-1.347134829228373,-0.0033214084573503972,-0.44109985308625776
OMV.VI,2.4,20.0,1.591008315660493,-0.015827980840353445,1.4319239764038103,1.0679987937979636,0.40534713438083847,1.6561894044189949,-0.3742216360057059,-0.5093812890290071,-0.020085346424630928,-0.9565214586266589,-0.44034213384793625,1.4271976636663117,0.59251499682675,-0.19912218888988498,-0.95350169719372,-0.408940016159299,0.9650892166693414
ORA.PA,2.2,19.0,-0.5826871661627792,0.3172744325551532,0.7338000338084699,-0.045258424377900716,0.6559535816627586,0.37580641145280147,-0.9084894165751042,-1.1370709125955165,-0.20257814448653336,-0.3833963598689343,-0.4938141948308022,0.25171049432839937,0.20573323458785817,-0.5728632478721313,-0.44031218505574266,1.5083950266599109,1.1139199952607648
ORNBV.HE,2.6,8.0,0.30519905070562214,0.8477510761227388,-0.8453089216011709,-0.8413428862821624,-0.7407300811017665,-0.6132355201962165,-0.08289621775831113,-0.2854146289131155,0.06398556892959849,0.9001339464992435,0.08046472505121355,0.441647532459894,1.0842566239693479,1.4909292898528594,1.1425556056020925,1.7915370445258412,1.4640125529089094
ORK.OL,2.8,8.0,-1.709686491607566,1.5373091328135093,1.3567230083740838,1.2667972950995323,0.6396466145784043,-0.86573197827041,-0.3334147123000713,-0.7308638048699275,0.07647720834341716,0.4329898753390927,1.4623510686372512,-0.19364292473914366,0.45518638444413545,-0.1732372254358343,-0.2563307347581825,-0.4585408803427648,-0.2056481228148507
PKN.WA,2.1,9.0,-0.7980519047856468,2.0104484763342523,0.8512898368908096,0.832114067114749,0.4629666209698027,-0.06499844118463963,-0.4783547486030016,-0.6954976969243222,-0.520849240783743,0.6442416874027764,2.2627040053469964,-1.1398201097336134,1.4910042822687277,0.36151420497618664,0.9045351810854825,-0.6158363134394624,-0.8833019949177006
ORSTED.CO,2.4,27.0,-0.987457818045564,-0.7313080599321524,-0.8817792473719126,-1.005566090306398,-0.35112144683526136,-0.20256803180326718,0.4938399979335415,1.1179290912616993,-1.1481947784996154,-0.900709714913835,-0.8297711667909459,1.1363787810231,-0.6380028854005181,-0.5221517070373446,-0.914732245823518,0.6709454725522886,0.4951588823630489
PNDORA.CO,2.6,15.0,1.6022489310217352,0.9453616132894203,1.2703100729901333,0.7842938978657413,-1.023569809969299,1.1457348418576814,-0.517595200382454,-0.5699542420359635,-0.29361608831849717,0.136349832784935,-1.4163440203061988,-1.1620255277372191,-1.709853177599189,1.0012483541448614,1.7149403311352762,-1.0170508820512338,-0.7922068130458058
PGHN.SW,2.3,14.0,-0.7071067811865475,-0.7071067811865476,-0.7071067811865475,-0.7071067811865476,-0.7071067811865475,-0.7071067811865476,0.7071067811865474,0.7071067811865475,0.7071067811865478,-0.7071067811865476,0.7071067811865475,0.7071067811865476,-0.7071067811865476,0.7071067811865475,0.7071067811865476,0.7071067811865477,0.7071067811865475
PIRC.MI,1.9,16.0,-0.7071067811865475,0.7071067811865475,-0.7071067811865448,-0.7071067811865475,0.7071067811865476,0.7071067811865476,0.7071067811865476,0.7071067811865481,0.7071067811865475,0.7071067811865474,-0.7071067811865475,-0.7071067811865475,0.7071067811865475,0.7071067811865477,-0.7071067811865471,0.7071067811865476,0.7071067811865476
PROX.BR,3.2,14.0,-0.4480569336393578,0.8658365480877853,1.6343863124097326,0.1405778203309247,0.7455041134145255,0.22116916319783703,-1.3605139649981033,-1.4784033096922837,-1.2144024392293693,-0.2711354485646365,1.0166762834751808,-0.01834122887770704,0.6804139573505861,-0.3208176714402834,-0.0438314080054973,-1.4955794359491223,-0.7231683427254018
PRY.MI,2.3,14.0,0.7054421435827308,-0.29958223798296596,-0.124393151092421,0.22756299590587317,0.31972916616177766,0.31501012098260966,-0.801948266620488,-0.46978004575060645,-1.0214636027101698,-0.8058140553602496,-0.5284400029274802,-1.102802975368112,-1.0431463336776414,-0.5966219647334211,-0.02746829551982421,-0.2890421168390195,-0.36102536799407803
PSPN.SW,2.2,9.0,-0.7915040481114547,0.6840030234259737,-0.5332328072456847,-0.5024383122493083,-0.4369626232917342,-1.153030778662682,1.0850289464573428,1.152687660003795,1.0269202220416935,0.7280014587889,-1.154446582811203,-0.5773502691896257,0.9533702643360552,-0.8407887126760759,0.57190855789002,-0.8190317772224924,-1.1526587488710414
PUB.PA,2.1,17.0,-0.7071067811865474,0.7071067811865474,0.7071067811865477,0.7071067811865476,-0.7071067811865475,0.7071067811865475,-0.7071067811865477,-0.7071067811865475,0.7071067811865501,0.7071067811865472,0.7071067811865475,0.7071067811865476,0.7071067811865476,0.7071067811865475,0.707106781186548,-0.7071067811865476,-0.7071067811865472
RAND.AS,3.6,14.0,-0.707106781186552,0.7071067811865475,-0.7071067811865487,-0.7071067811865476,-0.7071067811865475,-0.7071067811865476,-0.7071067811865432,-0.7071067811865485,0.7071067811865486,0.7071067811865477,-0.7071067811865476,-0.7071067811865475,0.7071067811865474,0.7071067811865474,0.7071067811865476,0.7071067811865468,0.7071067811865489
REC.MI,2.7,12.0,-0.4260320057942757,-0.6215800545090511,-0.5545851841520738,-0.4134666247101349,-0.5117940708585345,-0.4157798435870389,1.864229979812846,0.287974401369735,0.564628165517291,0.4923437732931952,0.40751489784001704,0.0891061520873623,-1.0394862797220215,-0.059243526447102714,0.18681580885314122,0.5669856438515377,-0.2704550509710305
RED.MC,3.3,19.0,-1.0138930379879518,-0.2076571069152095,0.17823573871097528,0.2779884793767511,1.1085198862395609,0.44656802149816943,0.27667240333375387,0.0010700904982232958,0.5324971597089223,0.6942588334448019,-0.03582503930411996,1.100098780228801,1.118723032625115,-0.6629338832455671,-0.6052862039341508,1.1415263383390524,0.7939119680250312
RNO.PA,2.3,20.0,0.7071067811865479,-0.7071067811865475,0.7071067811865474,0.7071067811865478,0.7071067811865465,0.7071067811865476,0.7071067811865474,0.7071067811865482,0.7071067811865475,0.7071067811865476,0.7071067811865474,-0.7071067811865476,-0.7071067811865477,-0.7071067811865475,0.7071067811865479,0.707106781186547,-0.7071067811865495
REP.MC,2.0,26.0,0.2242157692484729,-0.4742400839546805,0.6731982806024593,0.7285285021246865,0.4239646368070587,-0.029860427598657938,-0.4078007918794715,-0.22596661513566155,-0.7704262109833097,-0.6954763254322119,-0.4195151410308041,0.18926341125875107,0.3581147328914859,-0.8536155097328935,-0.8517939026894047,0.15925280025189548,-0.036804249788237146
ROG.SW,2.1,22.0,-1.8291247849719579,0.6586279760747339,0.9057686457310163,0.9499900992186524,-1.2842705454045393,-0.3900019544669901,-0.1776347523392382,-0.6280303269530056,0.6089874547330993,0.25248935008705253,-1.757245769666825,0.3174915630570335,-0.34904140784714854,0.7889146105594117,1.1360041896118696,-0.5096564584267118,-0.7059765649760227
RBREW.CO,2.6,15.0,-0.4631269640134597,-0.9503421043782984,-1.3702914346402122,-1.4192676441527496,-1.4286515198534544,0.45716314101311256,0.43315407359391894,1.2785431482860834,-0.5731169177253556,0.9453111688177847,1.3793157253210502,1.2272168717702798,-1.4548697391614491,1.488799593649109,1.4810845053536268,-1.0188465176142363,0.21239911893791907
RUI.PA,2.0,7.0,0.7071067811865479,0.7071067811865476,0.7071067811865476,0.7071067811865476,0.7071067811865476,0.7071067811865477,-0.7071067811865475,-0.7071067811865476,0.7071067811865459,-0.7071067811865475,0.7071067811865476,0.7071067811865476,-0.7071067811865475,-0.7071067811865483,-0.7071067811865475,0.7071067811865475,-0.7071067811865471
SPM.MI,2.0,14.0,1.3150114452425254,-1.6047856651213408,-0.86348564929326,-0.7091897344236748,0.652152656811537,-0.18406439247579034,-0.6824670114146848,-0.6904441552047018,-1.0052791638644292,-0.8111359418882782,0.08030266399684456,-1.1364866011123358,-0.9351598104274974,-0.7248025952685483,-1.2528841953637122,-0.5789040222260298,-0.592374704618783
SALM.OL,2.1,10.0,-0.7071067811865476,-0.7071067811865478,-0.707106781186548,-0.7071067811865476,0.7071067811865475,0.7071067811865475,-0.7071067811865475,-0.7071067811865476,0.7071067811865476,0.7071067811865475,0.7071067811865474,0.7071067811865471,-0.7071067811865475,-0.7071067811865475,-0.7071067811865476,-0.7071067811865475,-0.7071067811865475
SAMPO.HE,2.2,17.0,-0.24927628565806279,-0.8704021556036262,-1.2124308710836296,-1.6333824710839482,-1.3796063962895695,-0.019278178777745528,-0.08400469410758185,-0.24936727711496978,1.1500277174499711,-1.5577456606164732,0.8643143716135973,1.034838242611923,1.081579079321007,1.5119556499929432,-0.3635830388243193,0.1484935223857084,0.5665422695353268
SAND.ST,2.3,23.0,1.0663130821613318,0.07797294866839612,0.2488813127109766,0.4321147479183678,0.3265914810881729,0.17256244742194943,0.05195530503032504,-0.31047476742355845,0.9115247080775196,-0.15540758908638533,1.020119754042223,-0.3825921441756394,-0.37930326738600767,0.15634816342152968,-0.14608098583149398,-0.054471098700541974,0.5694198103477153
SAN.PA,2.3,24.0,0.39582583103733404,1.1304740414691379,1.3714760663180339,1.1564696932218759,1.0724661789884276,-0.2888203366318272,-1.0252953249054273,-0.6874958101760213,-0.0666911806969235,0.4092544859240344,-0.4646188962634589,-0.21499910819920406,1.0393284709654218,-0.6601458003118359,-0.622674210928873,-0.6782042635757027,-0.6577263680891722
SRT3.F,2.0,19.0,-0.4445027931739724,-0.028772527007807157,-1.6734129041157284,-2.021583733218048,-1.253818821759772,-1.2163393255172692,0.6287613736210974,0.398395947616973,0.8951299938746704,0.25958176436006325,-1.202047383419726,-0.8137741832181348,-1.630530191280543,0.5364245527563045,1.0644636409211534,-0.940022215032467,-0.5637615090633601
DIM.PA,2.3,10.0,-1.495576023170635,0.9771332591156676,-0.3133796071558067,0.25031733486781943,-0.4817617217107492,-0.8977123609091847,0.8015919874153004,0.3888149687860503,1.2409513867025344,1.4199950155354797,-1.3278815447694492,-0.7533768805574138,0.057136290981601126,1.1934612165391385,1.070542574665168,-0.5926904633861741,0.5951018385911223
SBMO.AS,1.8,10.0,-1.4125106798229312,0.8781430161276654,0.5883463676987519,0.6145276689829375,0.7542589162990104,-0.05258626873902615,-0.4584823973155684,-0.540079627078846,-0.12887156546322254,-0.11103715390738436,-0.6282502536223729,-0.009787677279534664,-1.232747291036015,-0.26550812041437166,0.28942526190068535,1.209945363223968,0.5274184381803951
SCHP.SW,2.9,19.0,-1.6378877990236833,-0.9972938716977213,-0.8227023753589581,-0.3761398064943718,-0.08715016222133869,0.3407311818331957,-0.3546410798118055,0.01653415921190556,-0.7576769462748614,-0.5175372385903405,0.009581588171968273,-0.09646934180940048,1.1005510137063113,-0.28848750455339056,0.034344375712889647,1.126621748733154,-0.18781714674751007
SU.PA,2.4,25.0,-0.5870344736621814,-0.6271296808701977,-0.3957357450570552,0.03886481641626885,0.19113781018789575,0.23521292108494568,0.2048455440027245,0.25658565591808874,0.4532152068453406,0.38183273190277023,0.1705522694610354,-0.3853872277907929,-0.3635122704481168,-0.1805149818400348,-0.44018882308308954,-0.0033214084573503972,-0.6473816448466811
SCR.PA,2.4,14.0,0.7071067811865478,-0.7071067811865476,0.707106781186548,0.7071067811865475,0.7071067811865477,0.7071067811865476,-0.7071067811865475,-0.7071067811865462,-0.7071067811865476,-0.7071067811865475,0.7071067811865475,-0.7071067811865477,0.7071067811865472,0.7071067811865476,-0.7071067811865474,0.7071067811865475,0.7071067811865476
SIE.F,1.8,24.0,0.07772831145855204,0.09342983106458796,0.538642748055636,0.5796366773894299,0.47429062682834355,0.2909181828228143,-0.15259267136054186,0.06093143857720717,-0.24417184881850937,0.4729996032334156,-0.18716035562578043,-0.550301658751148,-1.2471202878511105,-0.9536819195077239,-0.017101130630611708,-0.1660704228675049,-0.1904283086685278
LIGHT.AS,2.2,14.0,0.9846479418176523,1.4847521647838817,1.4487600773585925,1.3092446886609508,1.2140096880035147,0.8510180137501887,-0.8469456336172674,-1.17289095982352,-0.590560114341814,-0.9014900811590633,-0.975009019485914,1.2946582033546625,0.8503836360689523,-1.061689101280006,-1.1581176242741456,-0.7254904674924936,-0.603020573788474
SIKA.SW,2.3,22.0,0.15947293164208745,-0.521297994740188,-0.38290340823363606,0.22697641458806078,-0.08943371919525678,0.2230061198516671,-0.21450962162952925,-0.1138491048999244,-0.06874628294006643,-0.03654926332386041,0.47650828574497694,-0.325373769670482,-1.7213600590588665,0.0752893089227782,0.7131970830222419,-0.5846366472342075,-0.6025637983158209
SIM.CO,3.2,4.0,0.5810941443719707,1.1374118268203277,-0.9079368905174368,-0.9808925958789193,-1.1540432355392183,-1.154558467102843,1.1537262113704359,1.1541570350016408,1.0717522951885885,0.5256615872702923,1.0921635117315902,-0.18242306861806212,0.7561132448595812,1.1540228027971056,0.9770031424887806,0.9597787253849629,0.9452392526300535
SRG.MI,2.6,17.0,-0.5510884267699228,-1.2846299604352622,0.011103583769943224,0.22356834504084472,-0.00566614529575144,1.4051465882360388,0.725759878925387,0.5899681803607131,0.7528972301798451,-0.331830338942476,1.072763098217584,1.3902993071375545,-0.05303107504061221,-0.5093222358385802,-1.301467663768834,-1.4573474418050758,-1.350879319792079
SW.PA,2.4,17.0,-0.24418557378484357,-0.35709309086061786,-0.557098609846508,-0.24815164394149433,0.20649458696542186,0.19317912255265157,-0.5791071308826322,0.2944624246284937,-0.8957556698550542,-0.5948954960914671,1.038433550050292,-0.03612319718843016,-0.3658072994679832,-0.783691287774724,0.06384359728187929,-0.20398052024440586,0.25807839927374093
SOON.SW,2.7,15.0,-0.029232219129578733,0.5849820557866047,-0.48308216311750424,-0.3424399224775161,-0.7158202950558521,0.10407111826734719,1.0606237922900168,-0.4859740677400683,1.0131942686618851,1.1045299585171096,-0.5724228105689246,1.5,0.6945402128659548,0.8858288366033503,0.7493071303592469,1.497660188267342,1.2603462226220241
SOP.PA,1.8,11.0,0.35666355622141394,0.43834947287384074,-0.3130137987438978,0.22568367309388088,-0.008418493270222748,0.7500281621120736,-0.02168953955049157,-0.004591610223793117,-0.001278369212767459,0.11125362663025537,0.10187228692991318,0.816602240688445,0.1810098561230285,-0.28630079995205315,0.18794722032947345,-1.1747757925832913,-1.284897044595747
SPIE.PA,1.8,10.0,1.2561521618367113,-1.3896415832618876,-0.8584100811764294,-0.8916589931387824,-1.2182340990160052,-0.38006723982093515,-0.7065003766276168,0.7983779005249034,-1.2835484513059332,-0.7484897602795685,-0.2195134398339566,1.1901064447812488,-0.029536880825197814,0.5111542773549415,-1.0907741597003284,0.27603537643571574,0.3112055479860386
STMPA.PA,2.3,18.0,-0.8575346772672572,0.6314684587414853,0.6610526513438824,0.6034570316613926,-0.4850967868265972,1.0207984733660054,0.22563998846921982,0.4167974281744312,0.616874390425001,0.6752220559994121,0.5709942687971526,-0.15779764971607643,0.6236646180356912,0.792951235066914,0.7044767198752093,1.0839323800034282,0.9418271486780183
STERV.HE,2.6,15.0,0.7071067811865475,0.7071067811865474,-0.7071067811865475,-0.707106781186548,0.7071067811865477,-0.7071067811865475,-0.7071067811865475,0.7071067811865475,-0.7071067811865475,-0.7071067811865476,-0.7071067811865476,0.7071067811865477,-0.7071067811865478,-0.7071067811865475,-0.7071067811865475,0.7071067811865476,-0.7071067811865465
STMN.SW,2.6,16.0,1.258798416270636,-0.30216387686021495,-0.2836335682826133,0.236628780130789,-0.9135253713950563,0.04850168095789879,1.1966333903734785,1.5167003619804076,0.5015527614147846,0.7516925691703839,0.32120825397166236,-0.5022512537049426,0.5584203732338507,0.905707765836424,0.4864205531134495,1.440536175097124,0.3895675844788181
SUBC.OL,2.1,18.0,0.19008255228103507,-0.09390365622202962,-1.219741363652272,-1.3942021139103529,-0.617123746585856,1.593489585399496,0.03181006685134994,1.5459363229719627,-0.8145241178660977,-0.7236731202045248,0.3117632837524555,0.8078366119560271,0.564025158996269,-0.8093062346275808,-0.4197712721841534,-0.4813070708303371,-0.5832841329798228
UHR.SW,2.6,20.0,-0.4396003944583368,0.962218160899871,0.42246876065332806,0.5177427232395837,1.1340218639578552,-1.5653886356026154,-0.7689878710499191,-0.8828699260915693,-1.0730342151739507,-0.36463467094172186,-0.3350491230831869,-0.7622124515902584,0.7764683220650564,-1.0161834924378823,-0.8534567529924942,0.6289635484993162,1.632247453512905
SOBI.ST,1.8,11.0,-1.043438575108465,0.4973781412264781,0.29959517209649955,0.5175976169177129,1.1323914301079554,1.1357074098190152,0.4389100796513593,-0.4884823101208444,0.674465313718538,0.6189653777188566,0.43502036101000685,-0.5773502691896257,-1.109423618893327,-0.02327569316749714,0.5551010133525166,-0.6878448883677379,-0.7290611890125189
SCMN.SW,3.3,16.0,-0.5344442462677701,0.2625501790120574,-0.2579489774762209,-0.6272380833405077,-0.0007409242371207857,0.37596893439026374,0.655391192016057,0.43486493686508476,0.8876850144365935,0.11383087421157405,-1.4233467968652533,-0.47659653812274066,1.708244566581248,0.42326652568545936,0.19043704219725044,0.01153403163970975,1.0620666953982518
SLHN.SW,2.4,8.0,1.4125589176130924,0.21229977538952935,-0.6251875335792283,-0.4153480494896443,-0.23315746635887688,-1.278784215746355,-2.333772793253681,-1.4444262857841963,-0.16579923674751132,-0.5588518567559684,-0.37235122655128383,-0.7035477221404756,-1.5171758138576397,-0.45061776097557743,0.02928943124977094,2.6341874016021856,1.9885751119349868
SPSN.SW,2.9,6.0,-0.3323558020026004,0.4636689531534466,-0.6203712400101818,-0.6491512158823608,-0.7071523898713719,0.6302742731776102,-0.20041194618122016,-0.6353639016405593,-0.056211663050403086,0.4122147091282098,0.556251510922007,1.1547005383792515,0.08750796802892628,1.105818134359621,0.5827749372432787,-0.2953885098179481,0.6357714175387358
SREN.SW,3.0,19.0,-0.707106781186547,0.7071067811865476,-0.707106781186547,-0.7071067811865475,-0.7071067811865474,-0.7071067811865476,0.7071067811865475,0.7071067811865488,0.7071067811865476,0.7071067811865475,-0.7071067811865475,0.7071067811865475,-0.7071067811865477,-0.7071067811865476,0.7071067811865477,-0.7071067811865476,-0.7071067811865475
SY1.F,2.7,23.0,-0.7333372867156496,-0.7814226816143081,-0.25158981008469083,0.26864005857733925,0.42039631130896266,0.24533327907204389,-0.2973861043493396,-0.2967961179068503,0.01241845591904701,-0.7176361237348134,0.986688463202126,0.09522257239885984,0.13126992293886897,-0.5989473528878827,-1.1648358086613868,0.39222458611915195,0.8000242345432389
TIT.MI,2.4,14.0,2.0952839566869668,-2.4159954903597542,-1.8775196117232176,2.3727918175697966,0.8390851704238675,-2.471166352273503,-0.14031410343975245,-0.18377548364976953,0.1512154260319502,-1.4966427850285184,0.08714368144072966,-1.5509907993249292,-0.8583118467051787,-1.2970956420946156,-1.869350356236311,-1.0137132252234409,-0.9231739279093797
TEF.MC,2.7,28.0,0.9756308765186024,0.2970132086220364,0.28883502439607867,-0.21423401753527585,0.6755279637394793,0.3958954219889904,-0.7903769117808825,-0.2100922507446872,-1.4237906649984031,-0.37997098625305864,-0.6681015577122619,0.261607677901398,-0.2116862065521519,-0.9553629011349928,-0.4279498676822023,1.016276343365599,1.3880017231054753
TEL.OL,2.7,18.0,-0.6802904537778414,0.1736410032435758,-0.1018262254551392,-0.46799354703378804,0.17217962276313417,0.36278369011303757,0.006216447620748221,0.27421482131551284,-0.22571587162872223,2.0781227921475147,1.7719215226281722,2.0211071368659796,0.2198807711163032,0.23822024787905585,0.23114383276561024,-0.2550302551447087,-0.8490977852486471
TEP.PA,2.1,16.0,-0.5829099373495629,1.1964156745791104,1.2092621319902137,0.9273370889303487,0.5209247802508277,0.9746939395527832,-0.3870300938569986,-0.8511364271497894,-0.037611244253507745,0.03964818354069924,-1.175873284615772,-0.8830618841621344,1.4855107248924642,0.7844521818937081,-0.14832121976946414,1.2761220351875593,1.309356223791378
TEMN.SW,3.2,18.0,0.5735982839506171,-0.39630883641367654,1.071817902754754,1.0180704885452696,0.5432850222147965,0.5929655183521645,-0.6179346517678194,-0.6077567494767018,-0.9080458176622548,-1.1532014590051132,-0.8707110024403922,1.078653364508146,-1.1338473148248058,-0.6112681958813212,0.04450747621661332,-1.0358737138425944,-1.0469819392025745
TEN.MI,2.1,10.0,0.2965940846761735,0.8027408557974434,1.1367589704616752,0.9278003774640563,0.6808701601571743,-0.17660276652778883,-0.6090294330215319,-0.7869674303017437,0.521187584312584,1.6748684014202593,1.4360005797082804,-0.830389187012443,0.8290262323322188,1.6514332055082699,1.4706027114936737,0.9145861682106878,1.5116794219987137
TRN.MI,2.9,16.0,0.028390690861383888,-0.8798679924653254,-1.077133059564937,-1.109582620002271,-0.2742818254773955,-1.1454731191381438,0.832534173782464,0.9994645253406681,0.6210704615147903,0.45193472597072315,1.017431116237008,-0.24617934337677683,-0.3116841410730139,-0.4873059205518941,-0.5489562513060695,-0.42013709520264436,-1.1230949791573612
TGS.OL,1.7,6.0,-0.3891774023768031,0.017805449418261482,0.3581216747851071,0.5610638018870346,-1.4701579866818655,-1.1802361576568903,1.7181687749004353,0.47155488961332853,1.4274872628811652,-0.02902218542007118,-1.199816273835208,1.1688268534482869,0.7748557101350247,0.1481837448022308,-0.08737250584649331,-1.0643204383782903,-0.8634390225805029
HO.PA,2.2,18.0,-1.1404545443179308,-0.5321666564843249,-0.3053081600482429,-0.14154451485350586,-0.14962392948465542,-0.6007643681675768,0.8098291332375563,0.5188721772043503,1.1820936316920658,-0.3585795795935764,0.11218074643360676,1.13261370600271,-0.6143406178682103,0.9940399398619764,-0.28242038301547284,1.216356109163901,-0.6417829081858787
TKA.F,2.1,18.0,0.7071067811865472,-0.7071067811865472,0.7071067811865475,0.7071067811865475,0.7071067811865475,-0.7071067811865476,-0.7071067811865475,-0.7071067811865477,-0.7071067811867928,-0.7071067811865474,0.707106781186548,0.7071067811865476,-0.7071067811865475,-0.7071067811865476,-0.7071067811865476,0.7071067811865474,-0.707106781186548
TOM.OL,3.0,10.0,-0.7071067811865477,-0.7071067811865474,-0.7071067811865475,-0.7071067811865476,-0.7071067811865476,0.7071067811865475,0.7071067811865476,0.7071067811865476,0.7071067811865471,0.7071067811865476,0.7071067811865475,-0.7071067811865474,0.7071067811865475,0.7071067811865476,0.7071067811865475,0.7071067811865475,0.7071067811865475
TTE.PA,2.0,23.0,-0.15301220764371057,-1.184157245262337,-0.5447522815463345,-0.258280045705581,0.35998995794024863,-0.01615543330557115,-0.29536721378529,-0.3100983726614814,0.02316976974335376,-0.1245871671607459,-0.25736212552598975,0.7721947801150509,0.1282654929195938,-0.3835944004852389,-0.5695423087494266,-1.3662213916346815,-1.5048848802301578
TRYG.CO,2.1,14.0,-2.1683016584761483,-1.1759570604218825,-1.1037848879382837,-1.3229770034445556,-0.7442120725404662,0.17534021809995945,1.7418456771578725,0.5265968198293773,0.5794341549834392,0.554044440651748,0.01283969746728569,0.20403691343431973,1.4595350564295757,1.7742390569422464,-0.521932618880437,-0.15935890207246728,0.43812080138910225
UBI.PA,2.7,21.0,-0.7071067811865476,-0.7071067811865476,0.7071067811865475,0.7071067811865474,0.7071067811865475,0.7071067811865476,-0.7071067811865475,-0.7071067811865477,-0.7071067811865476,-0.7071067811865476,-0.7071067811865466,-0.7071067811865475,-0.7071067811865476,-0.7071067811865475,-0.7071067811865476,-0.7071067811865474,-0.7071067811865474
UCB.BR,2.3,21.0,-0.14691137198259838,0.6884336417385232,0.9065384291819195,-0.5290509632053366,0.6981863886705052,-0.6818483988933909,-0.4387076384114323,0.501365047284121,0.5836192804246316,0.4808725325820539,-0.6888759680409027,1.5,-1.4962761432220406,0.12446323598478978,0.2373285135544622,-1.2280355790984758,-1.263189198215504
UPM.HE,2.1,15.0,-0.7071067811865475,-0.7071067811865479,0.7071067811865475,0.7071067811865471,-0.7071067811865474,0.7071067811865476,0.7071067811865475,-0.7071067811865475,0.7071067811865475,0.7071067811865476,0.7071067811865476,-0.7071067811865474,0.7071067811865472,0.7071067811865476,0.7071067811865475,-0.7071067811865476,0.7071067811865485
FR.PA,2.2,18.0,0.7071067811865475,-0.7071067811865477,0.7071067811865501,0.7071067811865475,-0.7071067811865476,-0.7071067811865476,-0.7071067811865475,-0.7071067811865468,-0.7071067811865475,-0.7071067811865476,0.7071067811865475,0.7071067811865475,-0.7071067811865475,-0.7071067811865475,0.7071067811865479,-0.7071067811865476,-0.7071067811865476
VALMT.HE,2.1,10.0,-0.48895296534644633,1.6035144182367034,1.6236923008373965,0.9048442729211097,0.6298912726317045,0.40831451289586634,-0.6120965775909414,-0.9188705887949691,-0.6300759839851514,-0.5269077093052675,0.21526634759688731,-0.6857397823683128,0.3464234394346983,-0.6006377222306019,-0.3811996131177714,-0.8170664805081245,-1.0965014952617804
VACN.SW,2.7,13.0,0.6428548281300552,-1.0749697120903394,-1.6700909345550032,-2.306955007681815,-2.882600169976839,-0.35480994526965637,3.324306332627594,2.946142221054713,2.4393264080578616,2.7312832407489953,-2.2440079498749714,0.434356923639262,0.15237472751735037,2.5900003341514632,1.9783687854949574,-1.375063101342941,-0.8484411127650684
VIE.PA,2.0,13.0,0.7071067811865474,0.7071067811865477,0.7071067811865475,0.7071067811865474,0.7071067811865474,-0.7071067811865475,-0.7071067811865476,-0.7071067811865476,-0.7071067811865479,-0.7071067811865475,-0.7071067811865475,0.7071067811865476,-0.7071067811865477,-0.7071067811865476,-0.7071067811865477,-0.7071067811865477,-0.7071067811865476
VER.VI,3.2,12.0,1.0120871762333286,-0.40822670445538756,-0.20474883487902754,0.011226712146056281,-0.7770857467795955,1.0857760902062026,0.6570111612057006,-0.30861297247203484,0.6801000447338279,-0.17537791865032706,1.1103062173083547,-0.7456223342687351,1.1524966368468477,1.1529941211466488,1.0676518665089674,-1.1493364408644429,-1.1509693132261103
DG.PA,1.8,21.0,-0.3577335423263994,-0.3327562639523958,-0.6581867685075888,-0.6197138632483123,-0.8980877587573185,0.3228063654125292,0.5597830460180477,-0.0894719049631054,0.8081843023082205,0.0956435549341119,0.07002882743169184,0.10095502908068808,0.1349055853373067,0.811361361352203,0.6753394730692159,-0.7061763924766448,0.0325140124761539
VIS.MC,1.9,12.0,-0.7071067811865475,-0.7071067811865474,-0.7071067811865479,-0.7071067811865472,-0.7071067811865476,0.7071067811865476,0.7071067811865475,0.7071067811865466,0.7071067811865475,0.7071067811865474,0.7071067811865475,0.7071067811865472,0.7071067811865476,0.7071067811865477,0.7071067811865485,0.7071067811865475,0.7071067811865477
VOE.VI,2.5,15.0,-0.7071067811865476,-0.7071067811865476,-0.7071067811865476,-0.7071067811865477,-0.7071067811865476,-0.7071067811865476,0.707106781186548,0.707106781186547,-0.7071067811865475,-0.7071067811865474,0.7071067811865477,0.7071067811865476,-0.7071067811865476,0.707106781186548,0.7071067811865475,0.7071067811865469,0.7071067811865476
VOW3.F,2.1,27.0,-0.7071067811865472,0.7071067811865475,-0.7071067811865477,-0.7071067811865474,-0.7071067811865486,-0.7071067811865476,-0.7071067811865479,-0.7071067811865466,-0.7071067811865475,-0.7071067811865476,-0.7071067811865477,0.7071067811865476,0.7071067811865475,0.7071067811865475,-0.7071067811865471,-0.707106781186548,0.7071067811865455
WRT1V.HE,2.6,18.0,0.40155029704059797,-1.5163609491149255,0.06040279495234132,0.3532996123996318,0.27432110089996675,0.3141292972552507,-0.508364508097406,0.5145491584371693,-1.4370789200229697,-1.4457994937878098,-0.40178793067786994,1.8194859345473149,0.1542662080943027,-1.042237356324583,-1.3669376013126449,-0.3985690148820121,-0.6708821021358435
WIE.VI,2.5,13.0,0.7071067811865481,0.7071067811865477,0.7071067811865476,0.7071067811865476,0.7071067811865476,-0.7071067811865475,-0.7071067811865475,-0.7071067811865475,-0.7071067811865517,-0.7071067811865476,-0.7071067811865476,-0.7071067811865474,-0.7071067811865471,0.7071067811865477,0.7071067811865478,-0.7071067811865475,-0.7071067811865462
WKL.AS,2.4,14.0,-1.1448955957316698,-1.1181752147910038,-1.2053999763107475,-1.5631342032778648,-1.7653687094940942,0.27744691335491506,1.718627263910643,1.5020821355138776,0.9651100850517663,1.630061670173694,-0.6159336252749281,-0.1056843317990149,-0.8490659334387548,1.3581840119463997,1.652426176305005,-0.6310129101869616,-0.8921432204926143
WLN.PA,2.2,19.0,0.7071067811865448,0.7071067811865475,0.7071067811865475,0.7071067811865476,0.7071067811865476,0.7071067811865476,-0.7071067811865474,-0.7071067811865475,0.7071067811865476,0.7071067811865476,-0.7071067811865477,0.0,-0.7071067811865477,-0.7071067811865476,-0.7071067811865476,-0.7071067811865475,-0.7071067811865475
ZAL.F,2.4,31.0,0.7071067811865477,0.7071067811865475,0.7071067811865475,-0.7071067811865476,-0.7071067811865476,-0.707106781186548,0.7071067811865476,0.7071067811865476,0.7071067811865475,0.7071067811865475,0.7071067811865476,0.0,-0.7071067811865476,0.7071067811865475,0.7071067811865476,-0.7071067811865476,-0.7071067811865464
ZURN.SW,2.9,16.0,-0.8671365971381442,-0.5093973307739222,-0.5817329207659688,-0.362065218413694,-1.4526217256749658,0.3513226027542447,0.19526918961431275,0.007739518222066073,0.38093653600600175,0.6903666315497751,1.2022011470684828,0.022847545415343867,0.53345564175717,0.1631986302996673,1.6566678126105923,0.3886755996719631,1.1483541648563331
